# This file uses centimeters as units for non-parametric coordinates.

mtllib nighthawk.mtl
g default
v 110.194305 27.080399 0.000000
v 110.205605 26.975201 -0.826900
v 112.333794 28.393501 0.000000
v 110.205605 26.975201 0.826900
v 176.610397 -15.912301 -11.548301
v 176.618408 -15.568801 -11.567699
v 184.978699 -15.706199 -7.843200
v 184.953995 -15.176199 -7.823800
v 176.958298 -14.117201 -9.490600
v 183.746307 -14.587900 -7.260200
v 183.746796 -15.814800 -7.269700
v 176.982193 -15.944500 -9.494900
v 177.706604 -15.517500 -11.078900
v 177.675400 -15.886100 -11.076800
v 195.181000 -15.647700 -9.904300
v 195.191605 -15.279201 -9.906400
v 185.700089 -15.176199 -8.702901
v 185.708496 -15.706199 -8.722400
v 195.209198 -15.726100 -8.896701
v 195.200806 -15.196000 -8.877299
v 185.690994 -15.259300 -9.732100
v 185.680298 -15.627899 -9.730000
v 176.610397 -15.912301 11.548301
v 176.618408 -15.568801 11.567699
v 184.978699 -15.706199 7.843200
v 184.953995 -15.176199 7.823800
v 176.958298 -14.117201 9.490600
v 183.746307 -14.587900 7.260200
v 183.746796 -15.814800 7.269700
v 176.982193 -15.944500 9.494900
v 177.706604 -15.517500 11.078900
v 177.675400 -15.886100 11.076800
v 195.181000 -15.647700 9.904300
v 195.191605 -15.279201 9.906400
v 185.700089 -15.176199 8.702901
v 185.708496 -15.706199 8.722400
v 195.209198 -15.726100 8.896701
v 195.200806 -15.196000 8.877299
v 185.690994 -15.259300 9.732100
v 185.680298 -15.627899 9.730000
v 26.567400 17.784201 0.000000
v 27.964899 14.516700 -26.560398
v -21.697599 7.055800 -37.257401
v 44.059498 9.231100 -38.596001
v 106.154091 2.425100 -22.233301
v 81.649292 4.234000 -36.960102
v 138.388199 0.846700 -13.389200
v 118.485001 -8.269401 -26.974699
v 151.219696 -14.881501 -21.926399
v 121.056198 -13.627701 -27.545500
v 103.645393 -14.101001 -41.533398
v 103.465202 -13.973001 -40.895000
v 97.452202 -7.311600 -39.821999
v 117.528793 -7.913200 -26.769400
v 96.467499 -6.874100 -39.716702
v 81.757698 -14.055400 -50.525101
v 79.458504 -12.793501 -45.377003
v 7.021100 -13.899601 -81.227394
v -36.535297 -8.953799 -50.563595
v 29.271900 -8.917600 -54.845001
v 4.401600 -8.863800 -53.318298
v -21.588100 -9.391001 -69.745804
v 144.782898 6.419600 -5.854000
v 143.280594 7.465700 0.000000
v 176.618408 -15.568801 -11.567699
v 154.625488 0.128900 0.000000
v 198.353806 -14.545099 -1.805300
v 198.335403 -13.818399 0.000000
v 151.468704 -15.546600 -22.007399
v 176.746414 -16.208300 -11.548301
v 103.637802 -14.966300 -41.234802
v 81.514099 -14.957600 -50.358601
v 202.337906 -14.751699 -0.962700
v 202.319595 -14.130699 -0.057400
v 210.126907 -14.703900 -0.626300
v 210.108505 -14.392300 -0.176600
v 198.360718 -15.380401 -1.767300
v 202.344803 -15.125299 -0.943700
v 210.133789 -15.000100 -0.616900
v 202.346497 -15.485600 0.000000
v 210.135376 -15.293100 -0.176600
v 198.362305 -15.631599 0.000000
v 187.848709 -16.469000 0.000000
v 149.013809 -19.878399 0.000000
v 151.716492 -17.264502 -14.893800
v 105.353104 -20.574400 0.000000
v 75.160492 -16.468300 -39.459900
v 9.526501 -17.824701 -51.692600
v 104.679298 -18.508699 -16.375401
v 70.662300 -19.639299 -18.521299
v 71.501602 -19.604000 0.000000
v 9.514700 -17.720200 -19.230400
v 10.374701 -17.561901 0.000000
v -29.747999 -14.160900 -96.447098
v -40.091301 -10.247500 -79.386604
v 6.819500 -14.928099 -81.163002
v -29.772800 -15.082199 -96.403305
v -123.533699 -14.574500 -135.151398
v -130.825699 -13.099401 -127.627502
v -136.485504 -13.232000 -122.314499
v -52.835201 -10.519600 -59.817898
v -143.326904 -13.863400 -115.934296
v -70.315598 -11.862400 -53.519001
v -78.370796 -12.310600 -52.207100
v -143.360413 -14.211300 -134.598907
v -149.060913 -13.934601 -129.549606
v -70.169296 -11.748700 -51.841702
v -154.622192 -13.746300 -124.463699
v -146.997910 -14.202200 -112.510796
v -157.594696 -13.645700 -121.745300
v -70.256294 -6.872500 -46.178699
v -67.535202 7.300000 0.000000
v -75.725502 5.605900 0.000000
v -83.913795 -9.935600 -47.735397
v -138.975708 -8.348499 0.000000
v -123.581100 -14.876699 -134.940613
v -143.493896 -14.387501 -134.813004
v -149.151306 -14.095099 -129.644501
v -157.566406 -13.843601 -121.802605
v -146.969604 -14.450801 -112.568100
v -78.517502 -13.564099 -52.638798
v -129.764496 -9.060400 -7.235399
v -93.664497 -12.125001 -47.976700
v 20.130999 8.439600 -38.108898
v -148.679901 -10.537701 0.000000
v -140.226105 -10.964700 -7.388800
v -129.820007 -11.512500 -7.156400
v -75.038002 -10.480800 -47.746300
v -120.924698 -9.470300 -7.202600
v -129.770996 -9.468801 -7.226200
v -74.926102 -12.542200 -47.877102
v -120.973694 -11.514000 -7.132800
v -83.772301 -12.540799 -47.900700
v -83.884300 -10.479400 -47.769901
v -93.826401 -13.409800 -48.382298
v -40.168900 -16.668900 -78.577698
v -130.948593 -14.821000 -127.696297
v -136.589600 -14.210500 -122.257698
v -52.859997 -14.863000 -60.022800
v -143.268906 -14.372499 -115.809799
v -70.382599 -14.039900 -53.563499
v -154.638107 -13.932300 -124.531494
v -52.648197 -15.335900 -51.905998
v -70.319099 -14.078500 -52.152504
v -52.250801 -15.739100 -18.656399
v -52.028503 -15.759100 0.000000
v -70.790794 -14.960100 -19.002998
v -71.054504 -15.294600 0.000000
v -93.196999 -14.080400 -15.378500
v -93.021103 -14.764699 0.000000
v -140.271805 -11.516500 -7.432700
v -148.799393 -11.317300 0.000000
v 103.936302 -15.986601 -34.121601
v 27.964899 14.516700 26.560398
v -21.697599 7.055800 37.257401
v 44.059498 9.231100 38.596001
v 106.154091 2.425100 22.233301
v 81.649292 4.234000 36.960102
v 138.388199 0.846700 13.389200
v 118.485001 -8.269401 26.974699
v 151.219696 -14.881501 21.926399
v 121.056198 -13.627701 27.545500
v 103.645393 -14.101001 41.533398
v 103.465202 -13.973001 40.895000
v 97.452202 -7.311600 39.821999
v 117.528793 -7.913200 26.769400
v 96.467499 -6.874100 39.716702
v 81.757698 -14.055400 50.525101
v 79.458504 -12.793501 45.377003
v 7.021100 -13.899601 81.227394
v -36.535297 -8.953799 50.563595
v 29.271900 -8.917600 54.845001
v 4.401600 -8.863800 53.318298
v -21.588100 -9.391001 69.745804
v 144.782898 6.419600 5.854000
v 176.618408 -15.568801 11.567699
v 198.353806 -14.545099 1.805300
v 151.468704 -15.546600 22.007399
v 176.746414 -16.208300 11.548301
v 103.637802 -14.966300 41.234802
v 81.514099 -14.957600 50.358601
v 202.337906 -14.751699 0.962700
v 210.126907 -14.703900 0.291200
v 198.360718 -15.380401 1.767300
v 202.344803 -15.125299 0.943700
v 210.133789 -15.000100 0.281700
v 151.715683 -17.259100 14.893099
v 75.160492 -16.468300 39.459900
v 9.526099 -17.755199 51.689102
v 104.678200 -18.504000 16.373800
v 70.662300 -19.639299 18.521299
v 9.514700 -17.720200 19.230400
v -29.747999 -14.160900 96.447098
v -40.091301 -10.247500 79.386604
v 6.819500 -14.928099 81.163002
v -29.824999 -14.921300 96.275299
v -123.533699 -14.574500 135.151398
v -130.825699 -13.099401 127.627502
v -136.485504 -13.232000 122.314499
v -52.835201 -10.519600 59.817898
v -143.326904 -13.863400 115.934296
v -70.315598 -11.862400 53.519001
v -78.370796 -12.310600 52.207100
v -143.360413 -14.211300 134.598907
v -149.060913 -13.934601 129.549606
v -70.169296 -11.748700 51.841702
v -154.622192 -13.746300 124.463699
v -146.997910 -14.202200 112.510796
v -157.594696 -13.645700 121.745300
v -70.256294 -6.872500 46.178699
v -83.913795 -9.935600 47.735397
v -123.581100 -14.876699 134.940613
v -143.493896 -14.387501 134.813004
v -149.151306 -14.071800 129.644501
v -157.566406 -13.822100 121.802605
v -146.969604 -14.450801 112.568100
v -78.362106 -12.760399 52.264500
v -129.764496 -9.060400 7.235399
v -93.664497 -12.125001 47.976700
v 20.130999 8.439600 38.108898
v -140.226105 -10.964700 7.388800
v -129.820007 -11.512500 7.156400
v -75.038002 -10.480800 47.746300
v -120.924698 -9.470300 7.202600
v -129.770996 -9.468801 7.226200
v -74.926102 -12.542200 47.877102
v -120.973694 -11.514000 7.132800
v -83.772301 -12.540799 47.900700
v -83.884300 -10.479400 47.769901
v -93.716301 -12.742899 48.010601
v -40.168900 -16.668900 78.577698
v -130.948593 -14.821000 127.696297
v -136.591095 -14.255200 122.256302
v -52.861099 -14.838799 60.024796
v -143.270401 -14.420000 115.808907
v -70.382599 -14.039900 53.563499
v -154.638107 -13.943299 124.531494
v -52.648197 -15.335900 51.905998
v -70.319099 -14.078500 52.152504
v -52.250801 -15.739100 18.656399
v -70.791603 -14.974401 19.003500
v -93.197304 -14.079299 15.403600
v -140.271805 -11.516500 7.432700
v 103.940498 -16.076300 34.135899
v -205.430206 34.567799 -33.327801
v -205.430206 34.499100 -33.409801
v -171.964890 33.605900 -33.269901
v -171.964890 33.520199 -33.383400
v -177.427597 33.561600 -33.542202
v -177.544189 33.902302 -33.143600
v -189.464798 33.917000 -33.542202
v -189.444305 34.231403 -33.179901
v -157.754013 -3.738000 -5.995200
v -141.121094 -10.545300 -1.303900
v -141.121094 -10.616000 -1.582300
v -77.431396 0.213700 -6.240400
v -77.431396 0.058800 -6.436500
v -97.195503 -3.433500 -5.226700
v -118.859901 -7.017000 -4.593200
v -132.874893 -9.335200 -2.532300
v -97.428696 -2.985200 -3.386900
v -117.318703 -6.210900 -0.855300
v -132.750000 -9.029600 -1.124400
v -157.711609 -3.840300 -6.207600
v -205.430206 34.567799 33.327801
v -205.430206 34.499100 33.409801
v -171.964890 33.605900 33.269901
v -171.964890 33.520199 33.383400
v -177.427597 33.561600 33.542202
v -177.544189 33.902302 33.143600
v -189.464798 33.917000 33.542202
v -189.444305 34.231403 33.179901
v -157.754013 -3.738000 5.995200
v -141.121094 -10.545300 1.303900
v -141.121094 -10.616000 1.582300
v -77.431396 0.213700 6.240400
v -77.431396 0.058800 6.436500
v -97.195503 -3.433500 5.226700
v -118.859901 -7.017000 4.593200
v -132.874893 -9.335200 2.532300
v -97.428696 -2.985200 3.386900
v -117.318703 -6.210900 0.855300
v -132.750000 -9.029600 1.124400
v -157.711609 -3.840300 6.207600
v -81.018700 -12.862200 -46.235100
v -80.902000 -10.350600 -46.235100
v -84.667198 -12.692700 -46.425102
v -84.550499 -10.181100 -46.425102
v -81.018700 -12.862200 -46.804600
v -80.902000 -10.350600 -46.804600
v -84.667198 -12.692700 -46.614597
v -84.550499 -10.181100 -46.614597
v -84.169701 -12.715800 -46.235100
v -84.053001 -10.204200 -46.235100
v -84.169701 -12.715800 -46.804600
v -84.053001 -10.204200 -46.804600
v -83.210098 -12.810699 -44.270302
v -83.093399 -10.299100 -44.270302
v -86.858696 -12.641201 -44.460300
v -86.741997 -10.129601 -44.460300
v -83.210098 -12.810699 -44.839802
v -83.093399 -10.299100 -44.839802
v -86.858696 -12.641201 -44.649803
v -86.741997 -10.129601 -44.649803
v -86.361099 -12.664300 -44.270302
v -86.244400 -10.152700 -44.270302
v -86.361099 -12.664300 -44.839802
v -86.244400 -10.152700 -44.839802
v -85.401604 -12.759200 -42.305496
v -85.284904 -10.247601 -42.305496
v -89.050102 -12.589701 -42.495499
v -88.933403 -10.078100 -42.495499
v -85.401604 -12.759200 -42.875000
v -85.284904 -10.247601 -42.875000
v -89.050102 -12.589701 -42.684998
v -88.933403 -10.078100 -42.684998
v -88.552605 -12.612801 -42.305496
v -88.435905 -10.101200 -42.305496
v -88.552605 -12.612801 -42.875000
v -88.435905 -10.101200 -42.875000
v -87.593002 -12.707700 -40.340702
v -87.476303 -10.196100 -40.340702
v -91.241600 -12.538201 -40.530701
v -91.124802 -10.026601 -40.530701
v -87.593002 -12.707700 -40.910202
v -87.476303 -10.196100 -40.910202
v -91.241600 -12.538201 -40.720097
v -91.124802 -10.026601 -40.720097
v -90.744003 -12.561300 -40.340702
v -90.627304 -10.049700 -40.340702
v -90.744003 -12.561300 -40.910202
v -90.627304 -10.049700 -40.910202
v -89.784492 -12.656200 -38.375801
v -89.667793 -10.144601 -38.375801
v -93.432999 -12.486700 -38.565899
v -93.316299 -9.975101 -38.565899
v -89.784492 -12.656200 -38.945400
v -89.667793 -10.144601 -38.945400
v -93.432999 -12.486700 -38.755302
v -93.316299 -9.975101 -38.755302
v -92.935501 -12.509801 -38.375801
v -92.818802 -9.998200 -38.375801
v -92.935501 -12.509801 -38.945400
v -92.818802 -9.998200 -38.945400
v -91.975899 -12.604700 -36.410999
v -91.859200 -10.093201 -36.410999
v -95.624397 -12.435201 -36.601101
v -95.507698 -9.923599 -36.601101
v -91.975899 -12.604700 -36.980499
v -91.859200 -10.093201 -36.980499
v -95.624397 -12.435201 -36.790501
v -95.507698 -9.923599 -36.790501
v -95.126900 -12.458300 -36.410999
v -95.010201 -9.946700 -36.410999
v -95.126900 -12.458300 -36.980499
v -95.010201 -9.946700 -36.980499
v -94.167397 -12.553201 -34.446201
v -94.050697 -10.041700 -34.446201
v -97.815903 -12.383700 -34.636200
v -97.699196 -9.872099 -34.636200
v -94.167397 -12.553201 -35.015701
v -94.050697 -10.041700 -35.015701
v -97.815903 -12.383700 -34.825699
v -97.699196 -9.872099 -34.825699
v -97.318398 -12.406800 -34.446201
v -97.201698 -9.895201 -34.446201
v -97.318398 -12.406800 -35.015701
v -97.201698 -9.895201 -35.015701
v -96.358795 -12.501700 -32.481400
v -96.242096 -9.990200 -32.481400
v -100.007301 -12.332200 -32.671402
v -99.890602 -9.820600 -32.671402
v -96.358795 -12.501700 -33.050900
v -96.242096 -9.990200 -33.050900
v -100.007301 -12.332200 -32.860901
v -99.890602 -9.820600 -32.860901
v -99.509796 -12.355300 -32.481400
v -99.393105 -9.843700 -32.481400
v -99.509796 -12.355300 -33.050900
v -99.393105 -9.843700 -33.050900
v -98.550301 -12.450200 -30.516602
v -98.433502 -9.938700 -30.516602
v -102.198807 -12.280700 -30.706600
v -102.082100 -9.769099 -30.706600
v -98.550301 -12.450200 -31.086100
v -98.433502 -9.938700 -31.086100
v -102.198807 -12.280700 -30.896101
v -102.082100 -9.769099 -30.896101
v -101.701294 -12.303801 -30.516602
v -101.584496 -9.792200 -30.516602
v -101.701294 -12.303801 -31.086100
v -101.584496 -9.792200 -31.086100
v -100.741692 -12.398700 -28.551800
v -100.625000 -9.887200 -28.551800
v -104.390198 -12.229199 -28.741800
v -104.273499 -9.717600 -28.741800
v -100.741692 -12.398700 -29.121300
v -100.625000 -9.887200 -29.121300
v -104.390198 -12.229199 -28.931297
v -104.273499 -9.717600 -28.931297
v -103.892693 -12.252300 -28.551800
v -103.776001 -9.740700 -28.551800
v -103.892693 -12.252300 -29.121300
v -103.776001 -9.740700 -29.121300
v -102.933090 -12.347200 -26.587000
v -102.816406 -9.835700 -26.587000
v -106.581703 -12.177699 -26.777000
v -106.465004 -9.666100 -26.777000
v -102.933090 -12.347200 -27.156498
v -102.816406 -9.835700 -27.156498
v -106.581703 -12.177699 -26.966499
v -106.465004 -9.666100 -26.966499
v -106.084206 -12.200801 -26.587000
v -105.967407 -9.689200 -26.587000
v -106.084206 -12.200801 -27.156498
v -105.967407 -9.689200 -27.156498
v -105.124603 -12.295700 -24.622200
v -105.007896 -9.784201 -24.622200
v -108.773102 -12.126200 -24.812201
v -108.656395 -9.614600 -24.812201
v -105.124603 -12.295700 -25.191700
v -105.007896 -9.784201 -25.191700
v -108.773102 -12.126200 -25.001699
v -108.656395 -9.614600 -25.001699
v -108.275604 -12.149300 -24.622200
v -108.158897 -9.637700 -24.622200
v -108.275604 -12.149300 -25.191700
v -108.158897 -9.637700 -25.191700
v -107.316002 -12.244200 -22.657400
v -107.199295 -9.732700 -22.657400
v -110.964600 -12.074699 -22.847401
v -110.847908 -9.563100 -22.847401
v -107.316002 -12.244200 -23.226900
v -107.199295 -9.732700 -23.226900
v -110.964600 -12.074699 -23.036901
v -110.847908 -9.563100 -23.036901
v -110.467003 -12.097800 -22.657400
v -110.350296 -9.586201 -22.657400
v -110.467003 -12.097800 -23.226900
v -110.350296 -9.586201 -23.226900
v -109.507507 -12.192700 -20.692600
v -109.390800 -9.681200 -20.692600
v -113.155998 -12.023200 -20.882601
v -113.039307 -9.511600 -20.882601
v -109.507507 -12.192700 -21.262100
v -109.390800 -9.681200 -21.262100
v -113.155998 -12.023200 -21.072100
v -113.039307 -9.511600 -21.072100
v -112.658501 -12.046300 -20.692600
v -112.541794 -9.534700 -20.692600
v -112.658501 -12.046300 -21.262100
v -112.541794 -9.534700 -21.262100
v -111.698898 -12.141300 -18.727800
v -111.582199 -9.629701 -18.727800
v -115.347504 -11.971700 -18.917801
v -115.230705 -9.460099 -18.917801
v -111.698898 -12.141300 -19.297300
v -111.582199 -9.629701 -19.297300
v -115.347504 -11.971700 -19.107300
v -115.230705 -9.460099 -19.107300
v -114.849899 -11.994801 -18.727800
v -114.733192 -9.483201 -18.727800
v -114.849899 -11.994801 -19.297300
v -114.733192 -9.483201 -19.297300
v -113.890396 -12.089800 -16.762999
v -113.773697 -9.578200 -16.762999
v -117.538910 -11.920200 -16.953001
v -117.422203 -9.408600 -16.953001
v -113.890396 -12.089800 -17.332500
v -113.773697 -9.578200 -17.332500
v -117.538910 -11.920200 -17.142500
v -117.422203 -9.408600 -17.142500
v -117.041397 -11.943300 -16.762999
v -116.924591 -9.431801 -16.762999
v -117.041397 -11.943300 -17.332500
v -116.924591 -9.431801 -17.332500
v -116.081802 -12.038301 -14.798100
v -115.965103 -9.526700 -14.798100
v -119.730309 -11.868699 -14.988201
v -119.613602 -9.357100 -14.988201
v -116.081802 -12.038301 -15.367701
v -115.965103 -9.526700 -15.367701
v -119.730309 -11.868699 -15.177601
v -119.613602 -9.357100 -15.177601
v -119.232796 -11.891801 -14.798100
v -119.116104 -9.380301 -14.798100
v -119.232796 -11.891801 -15.367701
v -119.116104 -9.380301 -15.367701
v -118.273308 -11.986800 -12.833301
v -118.156601 -9.475201 -12.833301
v -121.921799 -11.817200 -13.023400
v -121.805092 -9.305600 -13.023400
v -118.273308 -11.986800 -13.402901
v -118.156601 -9.475201 -13.402901
v -121.921799 -11.817200 -13.212800
v -121.805092 -9.305600 -13.212800
v -121.424194 -11.840301 -12.833301
v -121.307503 -9.328800 -12.833301
v -121.424194 -11.840301 -13.402801
v -121.307503 -9.328800 -13.402801
v -120.464691 -11.935300 -10.868500
v -120.348007 -9.423700 -10.868500
v -124.113205 -11.765699 -11.058500
v -123.996498 -9.254100 -11.058500
v -120.464691 -11.935300 -11.438000
v -120.348007 -9.423700 -11.438000
v -124.113205 -11.765699 -11.248000
v -123.996498 -9.254100 -11.248000
v -123.615700 -11.788801 -10.868500
v -123.499001 -9.277300 -10.868500
v -123.615700 -11.788801 -11.438000
v -123.499001 -9.277300 -11.438000
v -122.656204 -11.883801 -8.903700
v -122.539406 -9.372200 -8.903700
v -126.304695 -11.714200 -9.093700
v -126.188004 -9.202600 -9.093700
v -122.656204 -11.883801 -9.473201
v -122.539406 -9.372200 -9.473201
v -126.304695 -11.714200 -9.283199
v -126.188004 -9.202600 -9.283199
v -125.807098 -11.737300 -8.903700
v -125.690399 -9.225801 -8.903700
v -125.807098 -11.737300 -9.473201
v -125.690399 -9.225801 -9.473201
v -81.018700 -12.862200 46.235100
v -80.902000 -10.350600 46.235100
v -84.667198 -12.692700 46.425102
v -84.550499 -10.181100 46.425102
v -81.018700 -12.862200 46.804600
v -80.902000 -10.350600 46.804600
v -84.667198 -12.692700 46.614597
v -84.550499 -10.181100 46.614597
v -84.169701 -12.715800 46.235100
v -84.053001 -10.204200 46.235100
v -84.169701 -12.715800 46.804600
v -84.053001 -10.204200 46.804600
v -83.210098 -12.810699 44.270302
v -83.093399 -10.299100 44.270302
v -86.858696 -12.641201 44.460300
v -86.741997 -10.129601 44.460300
v -83.210098 -12.810699 44.839802
v -83.093399 -10.299100 44.839802
v -86.858696 -12.641201 44.649803
v -86.741997 -10.129601 44.649803
v -86.361099 -12.664300 44.270302
v -86.244400 -10.152700 44.270302
v -86.361099 -12.664300 44.839802
v -86.244400 -10.152700 44.839802
v -85.401604 -12.759200 42.305496
v -85.284904 -10.247601 42.305496
v -89.050102 -12.589701 42.495499
v -88.933403 -10.078100 42.495499
v -85.401604 -12.759200 42.875000
v -85.284904 -10.247601 42.875000
v -89.050102 -12.589701 42.684998
v -88.933403 -10.078100 42.684998
v -88.552605 -12.612801 42.305496
v -88.435905 -10.101200 42.305496
v -88.552605 -12.612801 42.875000
v -88.435905 -10.101200 42.875000
v -87.593002 -12.707700 40.340702
v -87.476303 -10.196100 40.340702
v -91.241600 -12.538201 40.530701
v -91.124802 -10.026601 40.530701
v -87.593002 -12.707700 40.910202
v -87.476303 -10.196100 40.910202
v -91.241600 -12.538201 40.720203
v -91.124802 -10.026601 40.720203
v -90.744003 -12.561300 40.340702
v -90.627304 -10.049700 40.340702
v -90.744003 -12.561300 40.910202
v -90.627304 -10.049700 40.910202
v -89.784492 -12.656200 38.375900
v -89.667793 -10.144601 38.375900
v -93.432999 -12.486700 38.565899
v -93.316299 -9.975101 38.565899
v -89.784492 -12.656200 38.945400
v -89.667793 -10.144601 38.945400
v -93.432999 -12.486700 38.755302
v -93.316299 -9.975101 38.755302
v -92.935501 -12.509801 38.375900
v -92.818802 -9.998200 38.375900
v -92.935501 -12.509801 38.945400
v -92.818802 -9.998200 38.945400
v -91.975899 -12.604700 36.410999
v -91.859200 -10.093201 36.410999
v -95.624397 -12.435201 36.601101
v -95.507698 -9.923599 36.601101
v -91.975899 -12.604700 36.980598
v -91.859200 -10.093201 36.980598
v -95.624397 -12.435201 36.790501
v -95.507698 -9.923599 36.790501
v -95.126900 -12.458300 36.410999
v -95.010201 -9.946700 36.410999
v -95.126900 -12.458300 36.980598
v -95.010201 -9.946700 36.980598
v -94.167397 -12.553201 34.446201
v -94.050697 -10.041700 34.446201
v -97.815903 -12.383700 34.636299
v -97.699196 -9.872099 34.636299
v -94.167397 -12.553201 35.015701
v -94.050697 -10.041700 35.015701
v -97.815903 -12.383700 34.825699
v -97.699196 -9.872099 34.825699
v -97.318398 -12.406800 34.446201
v -97.201698 -9.895201 34.446201
v -97.318398 -12.406800 35.015701
v -97.201698 -9.895201 35.015701
v -96.358795 -12.501700 32.481400
v -96.242096 -9.990200 32.481400
v -100.007301 -12.332200 32.671402
v -99.890602 -9.820600 32.671402
v -96.358795 -12.501700 33.050900
v -96.242096 -9.990200 33.050900
v -100.007301 -12.332200 32.860901
v -99.890602 -9.820600 32.860901
v -99.509796 -12.355300 32.481400
v -99.393105 -9.843700 32.481400
v -99.509796 -12.355300 33.050900
v -99.393105 -9.843700 33.050900
v -98.550301 -12.450200 30.516602
v -98.433502 -9.938700 30.516602
v -102.198807 -12.280700 30.706600
v -102.082100 -9.769099 30.706600
v -98.550301 -12.450200 31.086100
v -98.433502 -9.938700 31.086100
v -102.198807 -12.280700 30.896101
v -102.082100 -9.769099 30.896101
v -101.701294 -12.303801 30.516602
v -101.584496 -9.792200 30.516602
v -101.701294 -12.303801 31.086100
v -101.584496 -9.792200 31.086100
v -100.741692 -12.398700 28.551800
v -100.625000 -9.887200 28.551800
v -104.390198 -12.229199 28.741800
v -104.273499 -9.717600 28.741800
v -100.741692 -12.398700 29.121300
v -100.625000 -9.887200 29.121300
v -104.390198 -12.229199 28.931297
v -104.273499 -9.717600 28.931297
v -103.892693 -12.252300 28.551800
v -103.776001 -9.740700 28.551800
v -103.892693 -12.252300 29.121300
v -103.776001 -9.740700 29.121300
v -102.933090 -12.347200 26.587000
v -102.816406 -9.835700 26.587000
v -106.581703 -12.177699 26.777000
v -106.465004 -9.666100 26.777000
v -102.933090 -12.347200 27.156498
v -102.816406 -9.835700 27.156498
v -106.581703 -12.177699 26.966499
v -106.465004 -9.666100 26.966499
v -106.084206 -12.200801 26.587000
v -105.967407 -9.689200 26.587000
v -106.084206 -12.200801 27.156498
v -105.967407 -9.689200 27.156498
v -105.124603 -12.295700 24.622200
v -105.007896 -9.784201 24.622200
v -108.773102 -12.126200 24.812201
v -108.656395 -9.614600 24.812201
v -105.124603 -12.295700 25.191700
v -105.007896 -9.784201 25.191700
v -108.773102 -12.126200 25.001699
v -108.656395 -9.614600 25.001699
v -108.275604 -12.149300 24.622200
v -108.158897 -9.637700 24.622200
v -108.275604 -12.149300 25.191700
v -108.158897 -9.637700 25.191700
v -107.316002 -12.244200 22.657400
v -107.199295 -9.732700 22.657400
v -110.964600 -12.074699 22.847401
v -110.847908 -9.563100 22.847401
v -107.316002 -12.244200 23.226900
v -107.199295 -9.732700 23.226900
v -110.964600 -12.074699 23.036901
v -110.847908 -9.563100 23.036901
v -110.467003 -12.097800 22.657400
v -110.350296 -9.586201 22.657400
v -110.467003 -12.097800 23.226900
v -110.350296 -9.586201 23.226900
v -109.507507 -12.192700 20.692600
v -109.390800 -9.681200 20.692600
v -113.155998 -12.023200 20.882601
v -113.039307 -9.511600 20.882601
v -109.507507 -12.192700 21.262100
v -109.390800 -9.681200 21.262100
v -113.155998 -12.023200 21.072100
v -113.039307 -9.511600 21.072100
v -112.658501 -12.046300 20.692600
v -112.541794 -9.534700 20.692600
v -112.658501 -12.046300 21.262100
v -112.541794 -9.534700 21.262100
v -111.698898 -12.141300 18.727800
v -111.582199 -9.629701 18.727800
v -115.347504 -11.971700 18.917801
v -115.230705 -9.460099 18.917801
v -111.698898 -12.141300 19.297300
v -111.582199 -9.629701 19.297300
v -115.347504 -11.971700 19.107300
v -115.230705 -9.460099 19.107300
v -114.849899 -11.994801 18.727800
v -114.733192 -9.483201 18.727800
v -114.849899 -11.994801 19.297300
v -114.733192 -9.483201 19.297300
v -113.890396 -12.089800 16.762999
v -113.773697 -9.578200 16.762999
v -117.538910 -11.920200 16.953001
v -117.422203 -9.408600 16.953001
v -113.890396 -12.089800 17.332500
v -113.773697 -9.578200 17.332500
v -117.538910 -11.920200 17.142500
v -117.422203 -9.408600 17.142500
v -117.041397 -11.943300 16.762999
v -116.924591 -9.431801 16.762999
v -117.041397 -11.943300 17.332500
v -116.924591 -9.431801 17.332500
v -116.081802 -12.038301 14.798200
v -115.965103 -9.526700 14.798200
v -119.730309 -11.868699 14.988201
v -119.613602 -9.357100 14.988201
v -116.081802 -12.038301 15.367701
v -115.965103 -9.526700 15.367701
v -119.730309 -11.868699 15.177700
v -119.613602 -9.357100 15.177700
v -119.232796 -11.891801 14.798200
v -119.116104 -9.380301 14.798200
v -119.232796 -11.891801 15.367701
v -119.116104 -9.380301 15.367701
v -118.273308 -11.986800 12.833301
v -118.156601 -9.475201 12.833301
v -121.921799 -11.817200 13.023400
v -121.805092 -9.305600 13.023400
v -118.273308 -11.986800 13.402901
v -118.156601 -9.475201 13.402901
v -121.921799 -11.817200 13.212800
v -121.805092 -9.305600 13.212800
v -121.424194 -11.840301 12.833400
v -121.307503 -9.328800 12.833400
v -121.424194 -11.840301 13.402901
v -121.307503 -9.328800 13.402901
v -120.464691 -11.935300 10.868500
v -120.348007 -9.423700 10.868500
v -124.113205 -11.765699 11.058600
v -123.996498 -9.254100 11.058600
v -120.464691 -11.935300 11.438100
v -120.348007 -9.423700 11.438100
v -124.113205 -11.765699 11.248000
v -123.996498 -9.254100 11.248000
v -123.615700 -11.788801 10.868500
v -123.499001 -9.277300 10.868500
v -123.615700 -11.788801 11.438100
v -123.499001 -9.277300 11.438100
v -122.656204 -11.883801 8.903700
v -122.539406 -9.372200 8.903700
v -126.304695 -11.714200 9.093800
v -126.188004 -9.202600 9.093800
v -122.656204 -11.883801 9.473201
v -122.539406 -9.372200 9.473201
v -126.304695 -11.714200 9.283199
v -126.188004 -9.202600 9.283199
v -125.807098 -11.737300 8.903700
v -125.690399 -9.225801 8.903700
v -125.807098 -11.737300 9.473201
v -125.690399 -9.225801 9.473201
v -90.214897 -12.526899 -43.237000
v -90.198700 -12.017800 -43.219700
v -90.850502 -12.483800 -43.915199
v -90.834297 -11.974600 -43.897900
v -89.514900 -12.526899 -43.893002
v -89.498703 -12.017800 -43.875801
v -90.150497 -12.483800 -44.571201
v -90.134300 -11.974600 -44.554001
v -94.479698 -12.444100 -39.459602
v -94.463493 -11.935000 -39.442398
v -95.115303 -12.400900 -40.137802
v -95.099098 -11.891801 -40.120499
v -93.779701 -12.444100 -40.115700
v -93.763504 -11.935000 -40.098400
v -94.415298 -12.400900 -40.793800
v -94.399101 -11.891801 -40.776600
v -98.744499 -12.361300 -35.682201
v -98.728401 -11.852099 -35.665001
v -99.380096 -12.318100 -36.360401
v -99.363998 -11.808900 -36.343102
v -98.044502 -12.361300 -36.338303
v -98.028397 -11.852099 -36.320999
v -98.680099 -12.318100 -37.016399
v -98.664001 -11.808900 -36.999199
v -103.009399 -12.278400 -31.904799
v -102.993202 -11.769300 -31.887600
v -103.645004 -12.235199 -32.583000
v -103.628799 -11.726100 -32.565800
v -102.309402 -12.278400 -32.560898
v -102.293205 -11.769300 -32.543598
v -102.945007 -12.235199 -33.239098
v -102.928810 -11.726100 -33.221798
v -107.274193 -12.195600 -28.127399
v -107.257996 -11.686400 -28.110199
v -107.909805 -12.152400 -28.805597
v -107.893593 -11.643201 -28.788399
v -106.574203 -12.195600 -28.783499
v -106.558006 -11.686400 -28.766201
v -107.209801 -12.152400 -29.461699
v -107.193604 -11.643201 -29.444399
v -111.538994 -12.112700 -24.350100
v -111.522804 -11.603601 -24.332800
v -112.174591 -12.069500 -25.028200
v -112.158401 -11.560400 -25.011002
v -110.838997 -12.112700 -25.006100
v -110.822800 -11.603601 -24.988800
v -111.474594 -12.069500 -25.684301
v -111.458397 -11.560400 -25.667000
v -115.803802 -12.029900 -20.572699
v -115.787697 -11.520700 -20.555399
v -116.439400 -11.986700 -21.250799
v -116.423294 -11.477500 -21.233601
v -115.103897 -12.029900 -21.228701
v -115.087700 -11.520700 -21.211401
v -115.739403 -11.986700 -21.906900
v -115.723305 -11.477500 -21.889601
v -120.068703 -11.947000 -16.795300
v -120.052505 -11.437901 -16.778000
v -120.704308 -11.903800 -17.473499
v -120.688103 -11.394700 -17.456202
v -119.368698 -11.947000 -17.451300
v -119.352501 -11.437901 -17.433998
v -120.004295 -11.903800 -18.129499
v -119.988098 -11.394700 -18.112200
v -124.333496 -11.864200 -13.017900
v -124.317299 -11.355000 -13.000600
v -124.969101 -11.821000 -13.696100
v -124.952896 -11.311900 -13.678800
v -123.633507 -11.864200 -13.673900
v -123.617310 -11.355000 -13.656700
v -124.269104 -11.821000 -14.352100
v -124.252907 -11.311900 -14.334799
v -128.598297 -11.781300 -9.240500
v -128.582199 -11.272201 -9.223200
v -129.233902 -11.738100 -9.918700
v -129.217804 -11.229001 -9.901401
v -127.898300 -11.781300 -9.896500
v -127.882195 -11.272201 -9.879300
v -128.533890 -11.738100 -10.574700
v -128.517700 -11.229001 -10.557400
v -90.214897 -12.526899 43.237000
v -90.198700 -12.017800 43.219700
v -90.850502 -12.483800 43.915199
v -90.834297 -11.974600 43.897900
v -89.514900 -12.526899 43.893002
v -89.498703 -12.017800 43.875801
v -90.150497 -12.483800 44.571201
v -90.134300 -11.974600 44.554001
v -94.479698 -12.444100 39.459602
v -94.463493 -11.935000 39.442398
v -95.115303 -12.400900 40.137802
v -95.099098 -11.891801 40.120499
v -93.779701 -12.444100 40.115700
v -93.763504 -11.935000 40.098400
v -94.415298 -12.400900 40.793800
v -94.399101 -11.891801 40.776600
v -98.744499 -12.361300 35.682201
v -98.728401 -11.852099 35.665001
v -99.380096 -12.318100 36.360401
v -99.363998 -11.808900 36.343102
v -98.044502 -12.361300 36.338303
v -98.028397 -11.852099 36.320999
v -98.680099 -12.318100 37.016399
v -98.664001 -11.808900 36.999199
v -103.009399 -12.278400 31.904799
v -102.993202 -11.769300 31.887600
v -103.645004 -12.235199 32.583000
v -103.628799 -11.726100 32.565800
v -102.309402 -12.278400 32.560898
v -102.293205 -11.769300 32.543598
v -102.945007 -12.235199 33.239098
v -102.928810 -11.726100 33.221798
v -107.274193 -12.195600 28.127399
v -107.257996 -11.686400 28.110199
v -107.909805 -12.152400 28.805597
v -107.893593 -11.643201 28.788399
v -106.574203 -12.195600 28.783499
v -106.558006 -11.686400 28.766201
v -107.209801 -12.152400 29.461699
v -107.193604 -11.643201 29.444399
v -111.538994 -12.112700 24.350100
v -111.522804 -11.603601 24.332800
v -112.174591 -12.069500 25.028200
v -112.158401 -11.560400 25.011002
v -110.838997 -12.112700 25.006100
v -110.822800 -11.603601 24.988800
v -111.474594 -12.069500 25.684301
v -111.458397 -11.560400 25.667000
v -115.803802 -12.029900 20.572699
v -115.787697 -11.520700 20.555399
v -116.439400 -11.986700 21.250799
v -116.423294 -11.477500 21.233601
v -115.103897 -12.029900 21.228701
v -115.087700 -11.520700 21.211401
v -115.739403 -11.986700 21.906900
v -115.723305 -11.477500 21.889601
v -120.068703 -11.947000 16.795300
v -120.052505 -11.437901 16.778000
v -120.704308 -11.903800 17.473499
v -120.688103 -11.394700 17.456202
v -119.368698 -11.947000 17.451300
v -119.352501 -11.437901 17.433998
v -120.004295 -11.903800 18.129499
v -119.988098 -11.394700 18.112200
v -124.333496 -11.864200 13.017900
v -124.317299 -11.355000 13.000600
v -124.969101 -11.821000 13.696100
v -124.952896 -11.311900 13.678800
v -123.633507 -11.864200 13.673900
v -123.617310 -11.355000 13.656700
v -124.269104 -11.821000 14.352100
v -124.252907 -11.311900 14.334799
v -128.598297 -11.781300 9.240500
v -128.582199 -11.272201 9.223200
v -129.233902 -11.738100 9.918700
v -129.217804 -11.229001 9.901401
v -127.898300 -11.781300 9.896500
v -127.882195 -11.272201 9.879300
v -128.533890 -11.738100 10.574700
v -128.517700 -11.229001 10.557400
v -91.442505 -12.437500 -44.810303
v -91.426300 -11.928399 -44.792999
v -93.937500 -12.268000 -47.472401
v -93.921303 -11.758800 -47.455101
v -91.027000 -12.437500 -45.199699
v -91.010803 -11.928399 -45.182400
v -93.521896 -12.268000 -47.861801
v -93.505699 -11.758800 -47.844601
v -95.993507 -12.335700 -40.836098
v -95.977295 -11.826600 -40.818798
v -98.488403 -12.166200 -43.498199
v -98.472198 -11.657001 -43.481003
v -95.577904 -12.335700 -41.225597
v -95.561707 -11.826600 -41.208302
v -98.072899 -12.166200 -43.887699
v -98.056702 -11.657001 -43.870403
v -100.544411 -12.233900 -36.862003
v -100.528198 -11.724799 -36.844700
v -103.039398 -12.064400 -39.524097
v -103.023201 -11.555200 -39.506802
v -100.128899 -12.233900 -37.251400
v -100.112701 -11.724799 -37.234200
v -102.623795 -12.064400 -39.913502
v -102.607597 -11.555200 -39.896301
v -105.095398 -12.132100 -32.887798
v -105.079193 -11.623000 -32.870598
v -107.590309 -11.962600 -35.549999
v -107.574112 -11.453401 -35.532703
v -104.679802 -12.132100 -33.277298
v -104.663704 -11.623000 -33.259998
v -107.174797 -11.962600 -35.939400
v -107.158600 -11.453401 -35.922104
v -109.646301 -12.030300 -28.913700
v -109.630203 -11.521200 -28.896400
v -112.141304 -11.860800 -31.575798
v -112.125099 -11.351600 -31.558599
v -109.230804 -12.030300 -29.303101
v -109.214607 -11.521200 -29.285898
v -111.725700 -11.860800 -31.965300
v -111.709595 -11.351600 -31.948002
v -114.197304 -11.928500 -24.939501
v -114.181099 -11.419400 -24.922300
v -116.692200 -11.759000 -27.601700
v -116.676003 -11.249801 -27.584402
v -113.781700 -11.928500 -25.329000
v -113.765602 -11.419400 -25.311699
v -116.276703 -11.759000 -27.991100
v -116.260506 -11.249801 -27.973900
v -118.748199 -11.826700 -20.965401
v -118.732101 -11.317600 -20.948099
v -121.243202 -11.657201 -23.627501
v -121.227005 -11.148000 -23.610300
v -118.332695 -11.826700 -21.354900
v -118.316498 -11.317600 -21.337599
v -120.827599 -11.657201 -24.017000
v -120.811501 -11.148000 -23.999701
v -123.299210 -11.724899 -16.991299
v -123.283005 -11.215800 -16.974001
v -125.794106 -11.555400 -19.653399
v -125.778000 -11.046201 -19.636101
v -122.883698 -11.724899 -17.380699
v -122.867500 -11.215800 -17.363501
v -125.378593 -11.555400 -20.042799
v -125.362396 -11.046201 -20.025600
v -127.850197 -11.623100 -13.017100
v -127.834000 -11.114000 -12.999900
v -130.345093 -11.453601 -15.679299
v -130.328903 -10.944400 -15.662000
v -127.434601 -11.623100 -13.406600
v -127.418404 -11.114000 -13.389299
v -129.929611 -11.453601 -16.068701
v -129.913406 -10.944400 -16.051399
v -132.401093 -11.521300 -9.043000
v -132.384903 -11.012200 -9.025700
v -134.895996 -11.351700 -11.705100
v -134.879898 -10.842600 -11.687901
v -131.985611 -11.521300 -9.432400
v -131.969391 -11.012200 -9.415201
v -134.480499 -11.351700 -12.094600
v -134.464310 -10.842600 -12.077301
v -91.442505 -12.437500 44.810303
v -91.426300 -11.928399 44.792999
v -93.937500 -12.268000 47.472401
v -93.921303 -11.758800 47.455101
v -91.027000 -12.437500 45.199699
v -91.010803 -11.928399 45.182400
v -93.521896 -12.268000 47.861801
v -93.505699 -11.758800 47.844601
v -95.993507 -12.335700 40.836098
v -95.977295 -11.826600 40.818798
v -98.488403 -12.166200 43.498199
v -98.472198 -11.657001 43.481003
v -95.577904 -12.335700 41.225597
v -95.561707 -11.826600 41.208302
v -98.072899 -12.166200 43.887699
v -98.056702 -11.657001 43.870403
v -100.544411 -12.233900 36.862003
v -100.528198 -11.724799 36.844700
v -103.039398 -12.064400 39.524097
v -103.023201 -11.555200 39.506802
v -100.128899 -12.233900 37.251400
v -100.112701 -11.724799 37.234200
v -102.623795 -12.064400 39.913502
v -102.607597 -11.555200 39.896301
v -105.095398 -12.132100 32.887798
v -105.079193 -11.623000 32.870598
v -107.590309 -11.962600 35.549999
v -107.574112 -11.453401 35.532703
v -104.679802 -12.132100 33.277298
v -104.663704 -11.623000 33.259998
v -107.174797 -11.962600 35.939400
v -107.158600 -11.453401 35.922104
v -109.646301 -12.030300 28.913700
v -109.630203 -11.521200 28.896400
v -112.141304 -11.860800 31.575798
v -112.125099 -11.351600 31.558599
v -109.230804 -12.030300 29.303101
v -109.214607 -11.521200 29.285898
v -111.725700 -11.860800 31.965300
v -111.709595 -11.351600 31.948002
v -114.197304 -11.928500 24.939501
v -114.181099 -11.419400 24.922300
v -116.692200 -11.759000 27.601700
v -116.676003 -11.249801 27.584402
v -113.781700 -11.928500 25.329000
v -113.765602 -11.419400 25.311699
v -116.276703 -11.759000 27.991100
v -116.260506 -11.249801 27.973900
v -118.748199 -11.826700 20.965401
v -118.732101 -11.317600 20.948099
v -121.243202 -11.657201 23.627501
v -121.227005 -11.148000 23.610300
v -118.332695 -11.826700 21.354900
v -118.316498 -11.317600 21.337599
v -120.827599 -11.657201 24.017000
v -120.811501 -11.148000 23.999701
v -123.299210 -11.724899 16.991299
v -123.283005 -11.215800 16.974001
v -125.794106 -11.555400 19.653399
v -125.778000 -11.046201 19.636101
v -122.883698 -11.724899 17.380699
v -122.867500 -11.215800 17.363501
v -125.378593 -11.555400 20.042799
v -125.362396 -11.046201 20.025600
v -127.850197 -11.623100 13.017100
v -127.834000 -11.114000 12.999900
v -130.345093 -11.453601 15.679299
v -130.328903 -10.944400 15.662000
v -127.434601 -11.623100 13.406600
v -127.418404 -11.114000 13.389299
v -129.929611 -11.453601 16.068701
v -129.913406 -10.944400 16.051399
v -132.401093 -11.521300 9.043000
v -132.384903 -11.012200 9.025700
v -134.895996 -11.351700 11.705100
v -134.879898 -10.842600 11.687901
v -131.985611 -11.521300 9.432400
v -131.969391 -11.012200 9.415201
v -134.480499 -11.351700 12.094600
v -134.464310 -10.842600 12.077301
v 195.251205 -15.456200 -3.179100
v 195.246002 -14.691501 -3.201100
v 187.993088 -15.033100 -6.458800
v 195.246002 -14.691501 -3.201100
v 195.251205 -15.456200 -3.179100
v 187.994202 -15.632799 -6.474000
v 187.993088 -15.033100 -6.458800
v 187.994202 -15.632799 -6.474000
v 205.480789 -15.236100 -5.029100
v 205.491409 -14.867499 -5.031200
v 195.999893 -14.764500 -4.107000
v 196.008392 -15.294600 -4.126400
v 205.508987 -15.314400 -4.021500
v 205.500610 -14.784401 -4.002000
v 195.990814 -14.847700 -5.136200
v 195.980209 -15.216200 -5.134000
v 194.751205 -15.456200 -2.679100
v 194.746002 -14.691501 -2.701100
v 187.493088 -15.033100 -5.958800
v 194.746002 -14.691501 -2.701100
v 194.751205 -15.456200 -2.679100
v 187.494186 -15.632799 -5.974000
v 187.493088 -15.033100 -5.958800
v 187.494186 -15.632799 -5.974000
v -11.169400 -16.991199 0.000000
v -70.559402 -14.580200 -35.535999
v -110.371201 -13.692400 0.000000
v -11.011100 -17.270802 51.799000
v -70.551903 -14.463501 35.643398
v -11.235900 -17.071400 -18.935600
v -11.303801 -17.259199 -51.800003
v -11.128700 -17.074799 18.936701
v -31.995600 -16.701099 -51.852100
v -31.599001 -16.375101 0.000000
v -31.850002 -16.723000 51.851501
v -31.689798 -16.406898 18.796501
v -31.743402 -16.405199 -18.796000
v 195.984299 -15.216200 -5.134000
v 196.007294 -14.847700 -5.136000
vt 0.345395 0.642646
vt 0.347919 0.635452
vt 0.350277 0.637731
vt 0.352551 0.640095
vt 0.212028 0.988196
vt 0.211014 0.988301
vt 0.210397 0.984593
vt 0.211616 0.984540
vt 0.203557 0.986389
vt 0.214317 0.957975
vt 0.217098 0.961664
vt 0.210874 0.956201
vt 0.207173 0.956811
vt 0.208172 0.922305
vt 0.211773 0.922365
vt 0.205873 0.956836
vt 0.217098 0.984462
vt 0.207012 0.920967
vt 0.206884 0.922232
vt 0.203323 0.922141
vt 0.203583 0.920329
vt 0.197600 0.964786
vt 0.198823 0.960287
vt 0.201997 0.957138
vt 0.197706 0.959149
vt 0.200055 0.956228
vt 0.201415 0.922029
vt 0.137773 0.926581
vt 0.137362 0.930238
vt 0.136143 0.930185
vt 0.136759 0.926477
vt 0.129303 0.928389
vt 0.140062 0.956803
vt 0.136620 0.958576
vt 0.142844 0.953113
vt 0.137518 0.992413
vt 0.133918 0.992473
vt 0.132918 0.957967
vt 0.131619 0.957942
vt 0.142844 0.930316
vt 0.132758 0.993811
vt 0.129328 0.994449
vt 0.129068 0.992637
vt 0.132629 0.992546
vt 0.123346 0.949992
vt 0.127743 0.957640
vt 0.124569 0.954490
vt 0.125800 0.958549
vt 0.123452 0.955629
vt 0.127160 0.992748
vt 0.535727 0.451534
vt 0.471801 0.388994
vt 0.563987 0.248682
vt 0.756225 0.229152
vt 0.462069 0.339717
vt 0.450959 0.248585
vt 0.556624 0.165625
vt 0.285719 0.560248
vt 0.316809 0.471096
vt 0.404754 0.391901
vt 0.232905 0.666274
vt 0.146117 0.671736
vt 0.229483 0.574785
vt 0.208813 0.574541
vt 0.218282 0.496122
vt 0.220459 0.497377
vt 0.253182 0.491016
vt 0.256493 0.489081
vt 0.232799 0.572644
vt 0.271247 0.424504
vt 0.253603 0.416080
vt 0.384948 0.299153
vt 0.384525 0.185874
vt 0.888134 0.056125
vt 0.916780 0.024347
vt 0.954612 0.030557
vt 0.933071 0.052259
vt 0.478100 0.152891
vt 1.092943 0.652873
vt 1.068584 0.641557
vt 1.113049 0.291643
vt 1.188029 0.309382
vt 0.250395 0.706435
vt 0.270650 0.717679
vt 0.105015 0.794206
vt 0.231429 0.757057
vt 0.079777 0.909272
vt 0.072641 0.903022
vt 0.069005 0.901423
vt 0.101987 0.793838
vt 0.142728 0.671554
vt 0.215043 0.495206
vt 0.250436 0.413701
vt 0.380867 0.182971
vt 0.065761 0.923096
vt 0.061707 0.919591
vt 0.045080 0.943744
vt 0.043344 0.942934
vt 0.060233 0.918637
vt 0.041673 0.943304
vt 1.108728 0.835444
vt 1.088169 0.852331
vt 1.087426 0.851442
vt 1.106560 0.832983
vt 1.116548 0.823744
vt 1.120638 0.828258
vt 1.142985 0.799287
vt 1.285476 0.771357
vt 1.197587 0.802776
vt 1.268152 0.753390
vt 1.240420 0.709150
vt 1.450010 0.708925
vt 1.432647 0.691544
vt 1.389337 0.648204
vt 1.349441 0.608304
vt 1.785448 0.583680
vt 1.526674 0.680342
vt 1.517130 0.637968
vt 1.709895 0.515655
vt 1.479407 0.574321
vt 1.634573 0.434115
vt 1.434325 0.529785
vt 1.587779 0.387828
vt 0.308684 0.229823
vt 0.239889 0.372529
vt 0.172882 0.350470
vt 0.195253 0.281102
vt 0.312107 0.232193
vt 0.243649 0.374294
vt 0.124139 0.638327
vt 0.090466 0.642615
vt 0.099473 0.334364
vt 0.065141 0.646896
vt 0.033891 0.650332
vt 0.049410 0.359594
vt 0.017048 0.651483
vt 0.029590 0.374797
vt 0.085858 0.693415
vt 0.058279 0.699307
vt 0.030945 0.700650
vt 0.017639 0.695763
vt 0.574469 0.106311
vt 0.629914 0.080942
vt 0.633483 0.085139
vt 0.650648 0.064880
vt 0.651290 0.102718
vt 0.678431 0.057989
vt 0.776069 0.209004
vt 0.125455 0.639044
vt 0.086431 0.694510
vt 0.058385 0.700071
vt 0.030972 0.701387
vt 0.016969 0.696359
vt 0.015769 0.651529
vt 0.024758 0.376192
vt 0.691828 0.024887
vt 0.647271 0.061354
vt 0.689626 0.020103
vt 0.916885 0.021547
vt 0.956916 0.028250
vt 0.887052 0.052439
vt 0.885787 0.047504
vt 0.683503 0.053061
vt 0.239361 0.106638
vt 0.261497 0.127234
vt 0.052236 0.122442
vt 0.030099 0.101845
vt 0.262035 0.134284
vt 0.051908 0.129425
vt 0.025217 0.106850
vt 0.047353 0.127446
vt 0.266587 0.122326
vt 0.244450 0.101730
vt 0.238989 0.153857
vt 0.028861 0.148998
vt 0.687145 0.049196
vt 1.043198 0.280587
vt 1.036417 0.627035
vt 1.046377 0.145203
vt 1.137378 0.100092
vt 1.061409 0.690328
vt 1.162740 0.166598
vt 1.686008 0.385173
vt 1.762465 0.467548
vt 1.084861 0.702004
vt 1.230287 0.357238
vt 1.121722 0.666220
vt 1.107906 0.713214
vt 1.136613 0.674022
vt 1.120205 0.719201
vt 1.243321 0.382044
vt 1.213603 0.298553
vt 1.234701 0.355283
vt 1.641876 0.337782
vt 1.788409 0.289178
vt 1.744517 0.242837
vt 1.792318 0.198631
vt 1.835825 0.246957
vt 1.866661 0.371721
vt 1.873685 0.288994
vt 1.847485 0.147629
vt 1.883728 0.185793
vt 1.911739 0.331243
vt 1.933502 0.313405
vt 1.983673 0.056394
vt 1.962030 0.267153
vt 1.891119 0.107294
vt 1.987809 0.017921
vt 0.041271 0.947613
vt 0.598522 0.515163
vt 0.738392 0.422112
vt 0.821827 0.428976
vt 0.739127 0.535377
vt 0.647852 0.524654
vt 0.428019 0.701982
vt 0.595899 0.582232
vt 0.517049 0.670528
vt 0.322204 0.755218
vt 0.413706 0.758276
vt 0.317087 0.842021
vt 0.414031 0.778944
vt 0.491149 0.766994
vt 0.492413 0.769166
vt 0.497382 0.734244
vt 0.415833 0.754952
vt 0.499304 0.730925
vt 0.563832 0.715912
vt 0.572328 0.733528
vt 0.688787 0.601673
vt 0.802191 0.601666
vt 0.929676 0.096713
vt 0.960808 0.068320
vt 0.834940 0.507826
vt 1.208176 0.906838
vt 1.555776 0.827491
vt 1.570034 0.903209
vt 1.218379 0.931684
vt 0.281975 0.737889
vt 0.194784 0.883594
vt 0.086064 0.916388
vt 0.195164 0.886621
vt 0.087677 0.920022
vt 0.317282 0.845409
vt 0.493341 0.772402
vt 0.574721 0.736687
vt 0.805109 0.605317
vt 0.069608 0.927334
vt 0.046046 0.945546
vt 0.070551 0.928803
vt 0.045697 0.947213
vt 1.104277 0.830632
vt 1.086571 0.850588
vt 1.112366 0.819316
vt 1.181903 0.659396
vt 1.198470 0.678060
vt 1.143748 0.744579
vt 1.256943 0.500212
vt 1.272920 0.518872
vt 1.312770 0.565426
vt 1.407911 0.175538
vt 1.469836 0.256151
vt 1.332915 0.438817
vt 1.291411 0.426007
vt 1.393431 0.481379
vt 1.545266 0.337577
vt 0.738805 0.694135
vt 0.683665 0.810610
vt 0.614490 0.832304
vt 0.592405 0.766325
vt 0.590818 0.762957
vt 0.736336 0.690628
vt 0.330166 0.910688
vt 0.334570 0.877986
vt 0.629734 0.904384
vt 0.325808 0.935261
vt 0.604836 0.952813
vt 0.322191 0.965599
vt 0.589909 0.971949
vt 0.320905 0.981938
vt 0.280831 0.914786
vt 0.274936 0.941496
vt 0.273639 0.968053
vt 0.278718 0.981184
vt 0.881570 0.410718
vt 0.907076 0.354367
vt 0.902790 0.350742
vt 0.923463 0.333140
vt 0.884740 0.332704
vt 0.930356 0.303257
vt 0.333879 0.876706
vt 0.279772 0.914223
vt 0.274257 0.941401
vt 0.272877 0.968040
vt 0.278186 0.981788
vt 0.320846 0.983160
vt 0.589620 0.976602
vt 0.964221 0.288323
vt 0.967218 0.289090
vt 0.924676 0.334409
vt 0.963603 0.068190
vt 0.938210 0.098947
vt 0.933324 0.097745
vt 0.935219 0.297866
vt 0.052444 0.170985
vt 0.261717 0.166726
vt 0.239528 0.187266
vt 0.030255 0.191524
vt 0.239839 0.194250
vt 0.029699 0.198573
vt 0.266587 0.171743
vt 0.244398 0.192283
vt 0.025178 0.186603
vt 0.047367 0.166064
vt 0.262835 0.213882
vt 0.052696 0.218204
vt 0.939121 0.293907
vt 1.577893 0.973060
vt 1.231426 0.964479
vt 1.713209 0.976513
vt 1.762421 0.887734
vt 1.169345 0.936642
vt 1.632899 0.831183
vt 1.698093 0.859759
vt 1.521137 0.208154
vt 1.597786 0.290346
vt 1.158748 0.912695
vt 1.196157 0.877509
vt 1.509931 0.782981
vt 1.148603 0.889184
vt 1.143175 0.876632
vt 1.189031 0.862292
vt 1.486547 0.767534
vt 1.512117 0.778668
vt 1.567798 0.802480
vt 1.701734 0.195463
vt 1.747533 0.151473
vt 1.625505 0.111031
vt 1.708296 0.110146
vt 1.812218 0.108439
vt 1.669337 0.069223
vt 1.689447 0.049933
vt 1.737947 0.025076
vt 1.949131 0.019022
vt 0.911204 0.578711
vt 0.909652 0.578736
vt 0.907574 0.527153
vt 0.908473 0.527095
vt 0.912009 0.635159
vt 0.911158 0.617640
vt 0.912829 0.617191
vt 0.912469 0.635146
vt 0.778512 0.886430
vt 0.794293 0.949476
vt 0.799751 0.951598
vt 0.917450 0.637328
vt 0.929896 0.624240
vt 0.855223 0.915658
vt 0.743228 0.745996
vt 0.750098 0.772224
vt 0.910034 0.879554
vt 0.956450 0.596398
vt 0.950512 0.849019
vt 0.762994 0.816730
vt 0.992036 0.558925
vt 0.972410 0.832384
vt 0.741645 0.745459
vt 0.785688 0.661483
vt 0.787235 0.662772
vt 0.905321 0.524920
vt 0.991346 0.775419
vt 1.845149 0.886635
vt 1.824215 0.934643
vt 1.823382 0.934268
vt 1.843685 0.886059
vt 1.865972 0.833360
vt 1.866403 0.833537
vt 1.860364 0.850701
vt 1.858938 0.849681
vt 1.828594 0.547500
vt 1.865972 0.493285
vt 1.871905 0.493211
vt 1.911768 0.547026
vt 1.879064 0.850079
vt 1.871906 0.833236
vt 1.745209 0.668212
vt 1.761048 0.645767
vt 1.950947 0.600761
vt 1.978504 0.644120
vt 1.894366 0.885934
vt 1.789100 0.608120
vt 1.993371 0.667686
vt 1.914816 0.934137
vt 1.757391 0.762819
vt 1.755466 0.763493
vt 1.743517 0.668159
vt 1.820451 0.935586
vt 1.991095 0.728467
vt 1.415988 0.087659
vt 1.415988 0.096253
vt 1.414166 0.096253
vt 1.414166 0.087659
vt 1.413518 0.096253
vt 1.413518 0.087659
vt 1.411696 0.087659
vt 1.411696 0.096253
vt 1.400914 0.096253
vt 1.400914 0.087659
vt 1.426769 0.087659
vt 1.426769 0.096253
vt 1.377925 0.087659
vt 1.377925 0.096253
vt 1.376103 0.096253
vt 1.376104 0.087659
vt 1.375455 0.096253
vt 1.375455 0.087659
vt 1.373633 0.087659
vt 1.373633 0.096253
vt 1.362852 0.096253
vt 1.362851 0.087659
vt 1.388707 0.087659
vt 1.388706 0.096253
vt 1.339862 0.087659
vt 1.339862 0.096252
vt 1.338040 0.096253
vt 1.338040 0.087659
vt 1.337393 0.096253
vt 1.337393 0.087658
vt 1.335570 0.087659
vt 1.335570 0.096253
vt 1.324789 0.096252
vt 1.324788 0.087658
vt 1.350644 0.087658
vt 1.350644 0.096253
vt 1.647493 0.052780
vt 1.647493 0.061373
vt 1.645670 0.061373
vt 1.645670 0.052779
vt 1.645023 0.061373
vt 1.645023 0.052780
vt 1.643201 0.052780
vt 1.643201 0.061373
vt 1.632419 0.061373
vt 1.632419 0.052780
vt 1.658275 0.052779
vt 1.658275 0.061373
vt 1.609430 0.052779
vt 1.609429 0.061373
vt 1.607608 0.061373
vt 1.607608 0.052780
vt 1.606960 0.061373
vt 1.606960 0.052779
vt 1.605138 0.052779
vt 1.605138 0.061373
vt 1.594356 0.061373
vt 1.594357 0.052779
vt 1.620212 0.052779
vt 1.620211 0.061373
vt 1.571367 0.052779
vt 1.571367 0.061373
vt 1.569545 0.061373
vt 1.569544 0.052779
vt 1.568897 0.061373
vt 1.568897 0.052779
vt 1.567075 0.052779
vt 1.567075 0.061373
vt 1.556293 0.061373
vt 1.556293 0.052780
vt 1.582149 0.052779
vt 1.582149 0.061373
vt 1.533304 0.052779
vt 1.533304 0.061373
vt 1.531482 0.061373
vt 1.531482 0.052779
vt 1.530834 0.061373
vt 1.530834 0.052779
vt 1.529012 0.052779
vt 1.529013 0.061373
vt 1.518230 0.061373
vt 1.518231 0.052779
vt 1.544086 0.052779
vt 1.544086 0.061373
vt 1.495242 0.052779
vt 1.495241 0.061373
vt 1.493420 0.061373
vt 1.493420 0.052780
vt 1.492772 0.061373
vt 1.492771 0.052780
vt 1.490950 0.052779
vt 1.490950 0.061373
vt 1.480168 0.061373
vt 1.480168 0.052779
vt 1.506023 0.052779
vt 1.506023 0.061373
vt 1.457179 0.052780
vt 1.457179 0.061373
vt 1.455357 0.061373
vt 1.455357 0.052780
vt 1.454709 0.061373
vt 1.454709 0.052780
vt 1.452887 0.052780
vt 1.452887 0.061373
vt 1.442106 0.061373
vt 1.442105 0.052780
vt 1.467961 0.052780
vt 1.467960 0.061373
vt 1.419117 0.052779
vt 1.419116 0.061373
vt 1.417294 0.061372
vt 1.417295 0.052779
vt 1.416647 0.061372
vt 1.416647 0.052779
vt 1.414825 0.052778
vt 1.414825 0.061372
vt 1.404042 0.061371
vt 1.404043 0.052777
vt 1.429898 0.052780
vt 1.429898 0.061373
vt 1.381053 0.052779
vt 1.381053 0.061373
vt 1.379231 0.061373
vt 1.379231 0.052780
vt 1.378584 0.061373
vt 1.378583 0.052780
vt 1.376762 0.052780
vt 1.376762 0.061373
vt 1.365979 0.061373
vt 1.365980 0.052779
vt 1.391835 0.052780
vt 1.391835 0.061373
vt 1.342991 0.052779
vt 1.342990 0.061373
vt 1.341168 0.061373
vt 1.341168 0.052779
vt 1.340521 0.061373
vt 1.340521 0.052779
vt 1.338699 0.052779
vt 1.338699 0.061373
vt 1.327917 0.061373
vt 1.327917 0.052779
vt 1.353772 0.052779
vt 1.353772 0.061373
vt 1.304928 0.052780
vt 1.304928 0.061373
vt 1.303106 0.061373
vt 1.303106 0.052780
vt 1.302458 0.061373
vt 1.302458 0.052779
vt 1.300636 0.052780
vt 1.300636 0.061373
vt 1.289854 0.061373
vt 1.289854 0.052780
vt 1.315709 0.052780
vt 1.315710 0.061373
vt 1.228803 0.052780
vt 1.228804 0.061373
vt 1.226981 0.061373
vt 1.226981 0.052780
vt 1.226334 0.061373
vt 1.226334 0.052780
vt 1.224512 0.052780
vt 1.224512 0.061373
vt 1.213730 0.061373
vt 1.213730 0.052780
vt 1.239585 0.052780
vt 1.239586 0.061373
vt 1.266866 0.052780
vt 1.266866 0.061373
vt 1.265044 0.061373
vt 1.265044 0.052779
vt 1.264396 0.061373
vt 1.264396 0.052780
vt 1.262574 0.052779
vt 1.262574 0.061373
vt 1.251793 0.061373
vt 1.251793 0.052779
vt 1.277647 0.052780
vt 1.277647 0.061373
vt 1.190741 0.052780
vt 1.190741 0.061373
vt 1.188919 0.061373
vt 1.188919 0.052780
vt 1.188271 0.061373
vt 1.188271 0.052780
vt 1.186449 0.052780
vt 1.186450 0.061373
vt 1.175668 0.061373
vt 1.175668 0.052780
vt 1.201523 0.052780
vt 1.201523 0.061373
vt 1.152679 0.052780
vt 1.152678 0.061373
vt 1.150857 0.061373
vt 1.150856 0.052780
vt 1.150209 0.061373
vt 1.150209 0.052779
vt 1.148387 0.052780
vt 1.148387 0.061373
vt 1.137605 0.061373
vt 1.137605 0.052779
vt 1.163461 0.052779
vt 1.163461 0.061373
vt 1.076554 0.052779
vt 1.076554 0.061373
vt 1.074733 0.061373
vt 1.074733 0.052779
vt 1.074085 0.061373
vt 1.074085 0.052779
vt 1.072263 0.052779
vt 1.072263 0.061373
vt 1.061481 0.061373
vt 1.061481 0.052779
vt 1.087336 0.052779
vt 1.087336 0.061373
vt 1.114616 0.052779
vt 1.114616 0.061373
vt 1.112794 0.061373
vt 1.112795 0.052780
vt 1.112147 0.061373
vt 1.112147 0.052780
vt 1.110325 0.052779
vt 1.110325 0.061373
vt 1.099543 0.061373
vt 1.099544 0.052779
vt 1.125398 0.052779
vt 1.125398 0.061373
vt 1.038492 0.052779
vt 1.038492 0.061373
vt 1.036670 0.061373
vt 1.036670 0.052780
vt 1.036022 0.061373
vt 1.036022 0.052780
vt 1.034200 0.052779
vt 1.034200 0.061373
vt 1.023418 0.061373
vt 1.023418 0.052779
vt 1.049274 0.052779
vt 1.049274 0.061373
vt 1.528129 0.087659
vt 1.529952 0.087659
vt 1.529951 0.096253
vt 1.528129 0.096253
vt 1.530599 0.087659
vt 1.530599 0.096253
vt 1.532421 0.087659
vt 1.543202 0.087659
vt 1.543203 0.096253
vt 1.532421 0.096253
vt 1.517348 0.087659
vt 1.517348 0.096253
vt 1.490067 0.087659
vt 1.491889 0.087659
vt 1.491889 0.096253
vt 1.490067 0.096253
vt 1.492537 0.087659
vt 1.492536 0.096253
vt 1.494358 0.087659
vt 1.505141 0.087659
vt 1.505141 0.096253
vt 1.494359 0.096253
vt 1.479285 0.087659
vt 1.479285 0.096253
vt 1.644921 0.021775
vt 1.646743 0.021776
vt 1.646743 0.030369
vt 1.644921 0.030369
vt 1.647391 0.021776
vt 1.647391 0.030369
vt 1.649212 0.021776
vt 1.659995 0.021776
vt 1.659995 0.030369
vt 1.649213 0.030369
vt 1.634139 0.021776
vt 1.634139 0.030369
vt 1.452004 0.087659
vt 1.453826 0.087659
vt 1.453826 0.096253
vt 1.452004 0.096253
vt 1.454474 0.087659
vt 1.454474 0.096253
vt 1.456296 0.087659
vt 1.467077 0.087658
vt 1.467077 0.096252
vt 1.456296 0.096253
vt 1.441223 0.087659
vt 1.441223 0.096252
vt 1.606858 0.021776
vt 1.608680 0.021776
vt 1.608680 0.030369
vt 1.606858 0.030370
vt 1.609328 0.021776
vt 1.609328 0.030369
vt 1.611150 0.021776
vt 1.621932 0.021776
vt 1.621932 0.030369
vt 1.611150 0.030370
vt 1.596076 0.021776
vt 1.596076 0.030369
vt 1.568796 0.021776
vt 1.570618 0.021775
vt 1.570618 0.030369
vt 1.568796 0.030369
vt 1.571265 0.021775
vt 1.571266 0.030369
vt 1.573088 0.021775
vt 1.583869 0.021775
vt 1.583869 0.030369
vt 1.573087 0.030369
vt 1.558014 0.021775
vt 1.558014 0.030369
vt 1.530733 0.021776
vt 1.532556 0.021776
vt 1.532556 0.030369
vt 1.530734 0.030369
vt 1.533203 0.021776
vt 1.533203 0.030370
vt 1.535025 0.021776
vt 1.545807 0.021776
vt 1.545807 0.030369
vt 1.535025 0.030369
vt 1.519953 0.021776
vt 1.519952 0.030369
vt 1.454610 0.021775
vt 1.456432 0.021775
vt 1.456432 0.030369
vt 1.454610 0.030369
vt 1.457080 0.021775
vt 1.457080 0.030370
vt 1.458902 0.021775
vt 1.469684 0.021775
vt 1.469683 0.030369
vt 1.458902 0.030369
vt 1.443829 0.021776
vt 1.443828 0.030369
vt 1.492672 0.021776
vt 1.494494 0.021776
vt 1.494494 0.030369
vt 1.492672 0.030370
vt 1.495142 0.021776
vt 1.495142 0.030369
vt 1.496964 0.021776
vt 1.507745 0.021776
vt 1.507745 0.030370
vt 1.496964 0.030370
vt 1.481891 0.021776
vt 1.481891 0.030369
vt 1.416548 0.021776
vt 1.418370 0.021776
vt 1.418370 0.030370
vt 1.416548 0.030369
vt 1.419017 0.021776
vt 1.419017 0.030370
vt 1.420839 0.021776
vt 1.431621 0.021776
vt 1.431621 0.030369
vt 1.420839 0.030370
vt 1.405767 0.021776
vt 1.405767 0.030369
vt 1.378487 0.021775
vt 1.380309 0.021775
vt 1.380309 0.030370
vt 1.378487 0.030369
vt 1.380956 0.021775
vt 1.380957 0.030369
vt 1.382778 0.021775
vt 1.393560 0.021775
vt 1.393559 0.030369
vt 1.382778 0.030369
vt 1.367705 0.021775
vt 1.367705 0.030369
vt 1.340425 0.021775
vt 1.342247 0.021775
vt 1.342246 0.030369
vt 1.340424 0.030369
vt 1.342894 0.021775
vt 1.342894 0.030369
vt 1.344716 0.021775
vt 1.355498 0.021776
vt 1.355498 0.030370
vt 1.344716 0.030369
vt 1.329643 0.021774
vt 1.329643 0.030369
vt 1.302362 0.021776
vt 1.304184 0.021776
vt 1.304185 0.030369
vt 1.302363 0.030369
vt 1.304832 0.021776
vt 1.304832 0.030369
vt 1.306653 0.021775
vt 1.317435 0.021775
vt 1.317436 0.030369
vt 1.306654 0.030369
vt 1.291581 0.021776
vt 1.291582 0.030370
vt 1.264301 0.021775
vt 1.266123 0.021776
vt 1.266122 0.030369
vt 1.264300 0.030369
vt 1.266770 0.021775
vt 1.266770 0.030370
vt 1.268592 0.021776
vt 1.279374 0.021776
vt 1.279373 0.030369
vt 1.268592 0.030369
vt 1.253519 0.021775
vt 1.253519 0.030369
vt 1.226238 0.021775
vt 1.228060 0.021775
vt 1.228060 0.030369
vt 1.226238 0.030369
vt 1.228707 0.021775
vt 1.228707 0.030369
vt 1.230530 0.021775
vt 1.241312 0.021775
vt 1.241311 0.030369
vt 1.230530 0.030369
vt 1.215456 0.021775
vt 1.215456 0.030370
vt 1.188175 0.021776
vt 1.189997 0.021776
vt 1.189997 0.030369
vt 1.188175 0.030369
vt 1.190645 0.021776
vt 1.190645 0.030369
vt 1.192467 0.021775
vt 1.203249 0.021776
vt 1.203249 0.030369
vt 1.192467 0.030369
vt 1.177393 0.021776
vt 1.177393 0.030370
vt 1.150113 0.021775
vt 1.151935 0.021775
vt 1.151935 0.030369
vt 1.150113 0.030369
vt 1.152583 0.021775
vt 1.152582 0.030369
vt 1.154405 0.021775
vt 1.165186 0.021776
vt 1.165186 0.030370
vt 1.154404 0.030369
vt 1.139331 0.021775
vt 1.139331 0.030369
vt 1.112051 0.021775
vt 1.113873 0.021776
vt 1.113873 0.030369
vt 1.112051 0.030369
vt 1.114521 0.021776
vt 1.114521 0.030369
vt 1.116343 0.021776
vt 1.127124 0.021776
vt 1.127124 0.030370
vt 1.116343 0.030369
vt 1.101270 0.021775
vt 1.101269 0.030369
vt 1.073989 0.021776
vt 1.075811 0.021776
vt 1.075810 0.030369
vt 1.073989 0.030369
vt 1.076459 0.021776
vt 1.076458 0.030369
vt 1.078280 0.021776
vt 1.089062 0.021776
vt 1.089062 0.030369
vt 1.078281 0.030369
vt 1.063207 0.021775
vt 1.063207 0.030369
vt 1.035926 0.021776
vt 1.037748 0.021776
vt 1.037748 0.030369
vt 1.035926 0.030369
vt 1.038396 0.021776
vt 1.038396 0.030369
vt 1.040218 0.021775
vt 1.051000 0.021776
vt 1.051000 0.030369
vt 1.040218 0.030369
vt 1.025144 0.021776
vt 1.025144 0.030369
vt 0.386851 0.015070
vt 0.386854 0.016812
vt 0.383674 0.016818
vt 0.383670 0.015076
vt 0.381932 0.016821
vt 0.383680 0.020097
vt 0.381937 0.020100
vt 0.383683 0.021839
vt 0.386860 0.020091
vt 0.386863 0.021833
vt 0.388601 0.020088
vt 0.388596 0.016809
vt 0.367975 0.015070
vt 0.367977 0.016812
vt 0.364797 0.016818
vt 0.364794 0.015076
vt 0.363055 0.016821
vt 0.364803 0.020097
vt 0.363061 0.020100
vt 0.364806 0.021839
vt 0.367983 0.020091
vt 0.367987 0.021833
vt 0.369725 0.020088
vt 0.369720 0.016809
vt 0.349097 0.015070
vt 0.349101 0.016813
vt 0.345920 0.016818
vt 0.345917 0.015076
vt 0.344178 0.016821
vt 0.345926 0.020097
vt 0.344184 0.020100
vt 0.345929 0.021839
vt 0.349106 0.020092
vt 0.349109 0.021834
vt 0.350848 0.020089
vt 0.350842 0.016810
vt 0.330220 0.015070
vt 0.330223 0.016812
vt 0.327043 0.016818
vt 0.327040 0.015076
vt 0.325301 0.016821
vt 0.327049 0.020097
vt 0.325307 0.020100
vt 0.327051 0.021839
vt 0.330229 0.020092
vt 0.330232 0.021833
vt 0.331971 0.020088
vt 0.331965 0.016809
vt 0.311343 0.015070
vt 0.311346 0.016812
vt 0.308166 0.016818
vt 0.308162 0.015076
vt 0.306424 0.016821
vt 0.308172 0.020097
vt 0.306430 0.020100
vt 0.308175 0.021839
vt 0.311352 0.020092
vt 0.311355 0.021833
vt 0.313094 0.020089
vt 0.313088 0.016809
vt 0.292466 0.015071
vt 0.292469 0.016812
vt 0.289289 0.016818
vt 0.289286 0.015076
vt 0.287547 0.016821
vt 0.289294 0.020097
vt 0.287552 0.020100
vt 0.289297 0.021839
vt 0.292475 0.020092
vt 0.292478 0.021834
vt 0.294217 0.020088
vt 0.294211 0.016809
vt 0.273589 0.015070
vt 0.273592 0.016812
vt 0.270412 0.016818
vt 0.270409 0.015076
vt 0.268670 0.016821
vt 0.270418 0.020097
vt 0.268675 0.020100
vt 0.270421 0.021839
vt 0.273598 0.020092
vt 0.273601 0.021833
vt 0.275340 0.020088
vt 0.275334 0.016809
vt 0.254712 0.015070
vt 0.254715 0.016812
vt 0.251535 0.016818
vt 0.251532 0.015076
vt 0.249793 0.016821
vt 0.251540 0.020097
vt 0.249799 0.020100
vt 0.251544 0.021839
vt 0.254721 0.020092
vt 0.254724 0.021834
vt 0.256463 0.020089
vt 0.256457 0.016809
vt 0.235834 0.015070
vt 0.235838 0.016812
vt 0.232657 0.016818
vt 0.232654 0.015076
vt 0.230915 0.016821
vt 0.232663 0.020097
vt 0.230921 0.020100
vt 0.232666 0.021839
vt 0.235843 0.020091
vt 0.235846 0.021833
vt 0.237586 0.020089
vt 0.237579 0.016810
vt 0.216958 0.015070
vt 0.216961 0.016812
vt 0.213781 0.016817
vt 0.213778 0.015075
vt 0.212039 0.016820
vt 0.213786 0.020097
vt 0.212045 0.020099
vt 0.213790 0.021839
vt 0.216967 0.020091
vt 0.216970 0.021834
vt 0.218708 0.020088
vt 0.218703 0.016809
vt 0.193063 0.020089
vt 0.193069 0.016908
vt 0.194810 0.016911
vt 0.194805 0.020091
vt 0.194814 0.015169
vt 0.198092 0.015174
vt 0.198090 0.016917
vt 0.199832 0.016920
vt 0.199826 0.020100
vt 0.198084 0.020097
vt 0.198081 0.021839
vt 0.194802 0.021833
vt 0.174088 0.020089
vt 0.174093 0.016908
vt 0.175835 0.016911
vt 0.175830 0.020091
vt 0.175838 0.015169
vt 0.179118 0.015175
vt 0.179114 0.016917
vt 0.180856 0.016920
vt 0.180851 0.020100
vt 0.179109 0.020097
vt 0.179106 0.021839
vt 0.175827 0.021833
vt 0.155113 0.020088
vt 0.155118 0.016908
vt 0.156860 0.016911
vt 0.156855 0.020091
vt 0.156863 0.015169
vt 0.160142 0.015174
vt 0.160139 0.016917
vt 0.161881 0.016920
vt 0.161876 0.020100
vt 0.160134 0.020097
vt 0.160130 0.021839
vt 0.156852 0.021834
vt 0.136137 0.020088
vt 0.136142 0.016908
vt 0.137884 0.016911
vt 0.137879 0.020091
vt 0.137887 0.015169
vt 0.141167 0.015175
vt 0.141164 0.016917
vt 0.142906 0.016920
vt 0.142899 0.020100
vt 0.141158 0.020097
vt 0.141155 0.021839
vt 0.137876 0.021834
vt 0.117161 0.020088
vt 0.117167 0.016908
vt 0.118909 0.016911
vt 0.118904 0.020091
vt 0.118912 0.015169
vt 0.122191 0.015175
vt 0.122188 0.016917
vt 0.123930 0.016920
vt 0.123925 0.020100
vt 0.122183 0.020097
vt 0.122180 0.021839
vt 0.118901 0.021833
vt 0.098186 0.020089
vt 0.098192 0.016908
vt 0.099934 0.016911
vt 0.099928 0.020092
vt 0.099937 0.015169
vt 0.103216 0.015175
vt 0.103213 0.016917
vt 0.104954 0.016920
vt 0.104950 0.020100
vt 0.103208 0.020097
vt 0.103205 0.021839
vt 0.099925 0.021834
vt 0.079211 0.020089
vt 0.079216 0.016909
vt 0.080958 0.016911
vt 0.080952 0.020092
vt 0.080961 0.015169
vt 0.084240 0.015175
vt 0.084237 0.016917
vt 0.085979 0.016920
vt 0.085974 0.020100
vt 0.084232 0.020097
vt 0.084229 0.021839
vt 0.080949 0.021834
vt 0.060235 0.020088
vt 0.060241 0.016908
vt 0.061983 0.016911
vt 0.061977 0.020091
vt 0.061986 0.015169
vt 0.065265 0.015175
vt 0.065262 0.016917
vt 0.067004 0.016920
vt 0.066998 0.020100
vt 0.065256 0.020097
vt 0.065253 0.021839
vt 0.061974 0.021833
vt 0.041259 0.020088
vt 0.041264 0.016908
vt 0.043007 0.016911
vt 0.043001 0.020092
vt 0.043010 0.015169
vt 0.046289 0.015175
vt 0.046286 0.016917
vt 0.048028 0.016920
vt 0.048022 0.020100
vt 0.046280 0.020097
vt 0.046277 0.021839
vt 0.042998 0.021833
vt 0.022283 0.020088
vt 0.022289 0.016908
vt 0.024031 0.016911
vt 0.024026 0.020091
vt 0.024034 0.015169
vt 0.027313 0.015175
vt 0.027310 0.016917
vt 0.029052 0.016919
vt 0.029047 0.020100
vt 0.027305 0.020097
vt 0.027302 0.021839
vt 0.024023 0.021834
vt 0.361283 0.066808
vt 0.359541 0.066803
vt 0.359576 0.054319
vt 0.361319 0.054324
vt 0.359581 0.052576
vt 0.357630 0.054313
vt 0.357635 0.052572
vt 0.355888 0.054308
vt 0.357594 0.066797
vt 0.355852 0.066792
vt 0.357589 0.068539
vt 0.359535 0.068545
vt 0.343609 0.066808
vt 0.341867 0.066803
vt 0.341903 0.054319
vt 0.343645 0.054325
vt 0.341908 0.052577
vt 0.339956 0.054314
vt 0.339961 0.052571
vt 0.338214 0.054309
vt 0.339920 0.066798
vt 0.338178 0.066792
vt 0.339915 0.068540
vt 0.341862 0.068545
vt 0.325935 0.066808
vt 0.324193 0.066803
vt 0.324229 0.054319
vt 0.325971 0.054324
vt 0.324234 0.052577
vt 0.322282 0.054313
vt 0.322287 0.052571
vt 0.320540 0.054308
vt 0.322246 0.066797
vt 0.320505 0.066792
vt 0.322241 0.068539
vt 0.324188 0.068545
vt 0.308262 0.066807
vt 0.306520 0.066803
vt 0.306555 0.054319
vt 0.308298 0.054324
vt 0.306561 0.052577
vt 0.304609 0.054313
vt 0.304614 0.052571
vt 0.302867 0.054309
vt 0.304573 0.066797
vt 0.302831 0.066792
vt 0.304568 0.068539
vt 0.306515 0.068545
vt 0.290588 0.066808
vt 0.288846 0.066803
vt 0.288882 0.054319
vt 0.290624 0.054324
vt 0.288887 0.052577
vt 0.286935 0.054314
vt 0.286940 0.052571
vt 0.285194 0.054309
vt 0.286899 0.066797
vt 0.285157 0.066792
vt 0.286895 0.068539
vt 0.288841 0.068545
vt 0.272915 0.066808
vt 0.271172 0.066803
vt 0.271208 0.054319
vt 0.272950 0.054324
vt 0.271213 0.052577
vt 0.269261 0.054313
vt 0.269267 0.052571
vt 0.267520 0.054308
vt 0.269226 0.066797
vt 0.267484 0.066792
vt 0.269221 0.068539
vt 0.271167 0.068545
vt 0.255241 0.066808
vt 0.253499 0.066803
vt 0.253535 0.054319
vt 0.255277 0.054324
vt 0.253540 0.052577
vt 0.251588 0.054314
vt 0.251593 0.052571
vt 0.249846 0.054308
vt 0.251552 0.066797
vt 0.249810 0.066792
vt 0.251548 0.068539
vt 0.253494 0.068545
vt 0.237567 0.066809
vt 0.235825 0.066803
vt 0.235861 0.054319
vt 0.237603 0.054324
vt 0.235866 0.052577
vt 0.233914 0.054313
vt 0.233919 0.052571
vt 0.232173 0.054308
vt 0.233879 0.066798
vt 0.232137 0.066793
vt 0.233874 0.068539
vt 0.235821 0.068545
vt 0.219894 0.066808
vt 0.218152 0.066803
vt 0.218188 0.054319
vt 0.219930 0.054324
vt 0.218192 0.052577
vt 0.216241 0.054314
vt 0.216246 0.052572
vt 0.214499 0.054309
vt 0.216205 0.066798
vt 0.214463 0.066793
vt 0.216200 0.068540
vt 0.218147 0.068545
vt 0.166902 0.066807
vt 0.165159 0.066803
vt 0.165195 0.054319
vt 0.166938 0.054324
vt 0.165200 0.052576
vt 0.163249 0.054313
vt 0.163254 0.052572
vt 0.161507 0.054308
vt 0.163213 0.066797
vt 0.161471 0.066792
vt 0.163208 0.068539
vt 0.165154 0.068545
vt 0.196804 0.066796
vt 0.196826 0.054313
vt 0.198568 0.054315
vt 0.198546 0.066799
vt 0.198571 0.052573
vt 0.200518 0.052577
vt 0.200515 0.054319
vt 0.202256 0.054322
vt 0.202235 0.066806
vt 0.200493 0.066803
vt 0.200490 0.068545
vt 0.198544 0.068541
vt 0.179145 0.066796
vt 0.179166 0.054313
vt 0.180908 0.054316
vt 0.180887 0.066800
vt 0.180911 0.052574
vt 0.182858 0.052577
vt 0.182855 0.054319
vt 0.184597 0.054322
vt 0.184575 0.066806
vt 0.182833 0.066803
vt 0.182831 0.068545
vt 0.180883 0.068542
vt 0.143811 0.066796
vt 0.143833 0.054313
vt 0.145575 0.054316
vt 0.145554 0.066799
vt 0.145578 0.052574
vt 0.147525 0.052577
vt 0.147522 0.054319
vt 0.149264 0.054322
vt 0.149242 0.066806
vt 0.147500 0.066803
vt 0.147498 0.068545
vt 0.145550 0.068542
vt 0.126153 0.066796
vt 0.126174 0.054312
vt 0.127916 0.054315
vt 0.127894 0.066799
vt 0.127919 0.052573
vt 0.129866 0.052577
vt 0.129863 0.054319
vt 0.131604 0.054322
vt 0.131583 0.066806
vt 0.129841 0.066803
vt 0.129837 0.068545
vt 0.127891 0.068541
vt 0.108494 0.066797
vt 0.108515 0.054313
vt 0.110258 0.054316
vt 0.110236 0.066799
vt 0.110260 0.052574
vt 0.112208 0.052577
vt 0.112204 0.054319
vt 0.113946 0.054322
vt 0.113925 0.066806
vt 0.112183 0.066803
vt 0.112180 0.068545
vt 0.110233 0.068542
vt 0.090834 0.066797
vt 0.090856 0.054313
vt 0.092598 0.054316
vt 0.092576 0.066799
vt 0.092601 0.052574
vt 0.094548 0.052577
vt 0.094545 0.054319
vt 0.096287 0.054322
vt 0.096265 0.066806
vt 0.094523 0.066803
vt 0.094520 0.068545
vt 0.092573 0.068541
vt 0.073175 0.066797
vt 0.073197 0.054313
vt 0.074939 0.054316
vt 0.074917 0.066800
vt 0.074942 0.052574
vt 0.076889 0.052577
vt 0.076885 0.054319
vt 0.078627 0.054323
vt 0.078606 0.066806
vt 0.076864 0.066803
vt 0.076861 0.068545
vt 0.074914 0.068542
vt 0.055516 0.066797
vt 0.055537 0.054312
vt 0.057279 0.054315
vt 0.057258 0.066800
vt 0.057282 0.052574
vt 0.059229 0.052577
vt 0.059226 0.054319
vt 0.060968 0.054322
vt 0.060946 0.066806
vt 0.059204 0.066803
vt 0.059202 0.068545
vt 0.057255 0.068541
vt 0.037857 0.066796
vt 0.037878 0.054312
vt 0.039620 0.054316
vt 0.039599 0.066799
vt 0.039623 0.052574
vt 0.041569 0.052577
vt 0.041567 0.054319
vt 0.043309 0.054322
vt 0.043288 0.066806
vt 0.041546 0.066803
vt 0.041543 0.068545
vt 0.039596 0.068542
vt 0.020198 0.066797
vt 0.020219 0.054313
vt 0.021961 0.054316
vt 0.021940 0.066800
vt 0.021964 0.052574
vt 0.023911 0.052577
vt 0.023908 0.054319
vt 0.025650 0.054322
vt 0.025628 0.066806
vt 0.023886 0.066803
vt 0.023884 0.068545
vt 0.021937 0.068542
vt 0.176779 0.960077
vt 0.176762 0.960126
vt 0.173361 0.958966
vt 0.175497 0.983272
vt 0.175429 0.983284
vt 0.168769 0.960323
vt 0.169931 0.960148
vt 0.169930 0.960134
vt 0.166549 0.928267
vt 0.169852 0.927764
vt 0.168763 0.960267
vt 0.165345 0.927299
vt 0.165344 0.928364
vt 0.162370 0.928586
vt 0.162435 0.927055
vt 0.177292 0.982670
vt 0.177223 0.982700
vt 0.162827 0.964957
vt 0.162786 0.964931
vt 0.165017 0.961386
vt 0.160641 0.963598
vt 0.163219 0.960712
vt 0.160580 0.928702
vt 0.179238 0.985953
vt 0.179170 0.985992
vt 0.179222 0.961034
vt 0.175657 0.986814
vt 0.161432 0.967035
vt 0.159265 0.965580
vt 0.175595 0.986816
vt 0.161469 0.967059
vt 0.179238 0.960992
vt 1.737203 0.337178
vt 1.814560 0.419627
vt 1.188119 0.232600
vt 1.649754 0.242911
vt 1.693191 0.290314
vt 1.573331 0.159597
vn 0.351186 0.936306 0.000000
vn 0.057723 0.846841 -0.528705
vn -0.110878 0.993834 0.000000
vn -0.110878 0.993834 0.000000
vn 0.057723 0.846841 0.528705
vn 0.351186 0.936306 0.000000
vn 0.244779 -0.829168 -0.502558
vn 0.313376 0.569210 -0.760129
vn 0.131435 0.624819 -0.769627
vn 0.100078 -0.932631 -0.346675
vn 0.313376 0.569210 -0.760129
vn 0.105864 0.849806 -0.516355
vn 0.131435 0.624819 -0.769627
vn 0.606551 -0.611322 0.508313
vn 0.032064 -0.998214 -0.050410
vn 0.039356 -0.987894 0.150054
vn 0.039356 -0.987894 0.150054
vn 0.034995 -0.940917 -0.336823
vn 0.036116 -0.912276 -0.407980
vn 0.047473 -0.915651 0.399162
vn 0.131435 0.624819 -0.769627
vn 0.105864 0.849806 -0.516355
vn 0.085114 0.909133 -0.407717
vn 0.100078 -0.932631 -0.346675
vn 0.034417 -0.998931 -0.030847
vn 0.244779 -0.829168 -0.502558
vn 0.036116 -0.912276 -0.407980
vn 0.039847 0.915707 -0.399867
vn 0.049402 0.912603 0.405852
vn 0.047473 -0.915651 0.399162
vn 0.034995 -0.940917 -0.336823
vn 0.085114 0.909133 -0.407717
vn 0.039847 0.915707 -0.399867
vn 0.036116 -0.912276 -0.407980
vn 0.032064 -0.998214 -0.050410
vn 0.034417 -0.998931 -0.030847
vn 0.034995 -0.940917 -0.336823
vn 0.039356 -0.987894 0.150054
vn 0.034417 -0.998931 -0.030847
vn 0.100078 -0.932631 -0.346675
vn 0.034995 -0.940917 -0.336823
vn 0.135148 0.978097 -0.158309
vn 0.694733 0.416678 0.586282
vn 0.108744 0.991182 0.075721
vn 0.100078 -0.932631 -0.346675
vn 0.131435 0.624819 -0.769627
vn 0.085114 0.909133 -0.407717
vn 0.034995 -0.940917 -0.336823
vn 0.085114 0.909133 -0.407717
vn 0.108744 0.991182 0.075721
vn 0.049402 0.912603 0.405852
vn 0.039847 0.915707 -0.399867
vn 0.694733 0.416678 0.586282
vn 0.606551 -0.611322 0.508313
vn 0.039356 -0.987894 0.150054
vn 0.108744 0.991182 0.075721
vn 0.105864 0.849806 -0.516355
vn 0.135148 0.978097 -0.158309
vn 0.108744 0.991182 0.075721
vn 0.085114 0.909133 -0.407717
vn 0.108744 0.991182 0.075721
vn 0.039356 -0.987894 0.150054
vn 0.047473 -0.915651 0.399162
vn 0.049402 0.912603 0.405852
vn 0.244778 -0.829169 0.502557
vn 0.100078 -0.932631 0.346675
vn 0.131435 0.624819 0.769627
vn 0.313375 0.569210 0.760129
vn 0.313375 0.569210 0.760129
vn 0.131435 0.624819 0.769627
vn 0.105864 0.849806 0.516355
vn 0.606552 -0.611319 -0.508314
vn 0.039356 -0.987894 -0.150054
vn 0.032064 -0.998214 0.050410
vn 0.039356 -0.987894 -0.150054
vn 0.047473 -0.915651 -0.399162
vn 0.036116 -0.912276 0.407980
vn 0.034995 -0.940917 0.336824
vn 0.131435 0.624819 0.769627
vn 0.085114 0.909133 0.407717
vn 0.105864 0.849806 0.516355
vn 0.100078 -0.932631 0.346675
vn 0.244778 -0.829169 0.502557
vn 0.034417 -0.998931 0.030848
vn 0.036116 -0.912276 0.407980
vn 0.047473 -0.915651 -0.399162
vn 0.049402 0.912602 -0.405853
vn 0.039847 0.915707 0.399867
vn 0.034995 -0.940917 0.336824
vn 0.036116 -0.912276 0.407980
vn 0.039847 0.915707 0.399867
vn 0.085114 0.909133 0.407717
vn 0.032064 -0.998214 0.050410
vn 0.039356 -0.987894 -0.150054
vn 0.034995 -0.940917 0.336824
vn 0.034417 -0.998931 0.030848
vn 0.034417 -0.998931 0.030848
vn 0.034995 -0.940917 0.336824
vn 0.100078 -0.932631 0.346675
vn 0.135148 0.978097 0.158309
vn 0.108745 0.991181 -0.075722
vn 0.694732 0.416679 -0.586282
vn 0.100078 -0.932631 0.346675
vn 0.034995 -0.940917 0.336824
vn 0.085114 0.909133 0.407717
vn 0.131435 0.624819 0.769627
vn 0.085114 0.909133 0.407717
vn 0.039847 0.915707 0.399867
vn 0.049402 0.912602 -0.405853
vn 0.108745 0.991181 -0.075722
vn 0.694732 0.416679 -0.586282
vn 0.108745 0.991181 -0.075722
vn 0.039356 -0.987894 -0.150054
vn 0.606552 -0.611319 -0.508314
vn 0.105864 0.849806 0.516355
vn 0.085114 0.909133 0.407717
vn 0.108745 0.991181 -0.075722
vn 0.135148 0.978097 0.158309
vn 0.108745 0.991181 -0.075722
vn 0.049402 0.912602 -0.405853
vn 0.047473 -0.915651 -0.399162
vn 0.039356 -0.987894 -0.150054
vn -0.112691 0.993630 0.000000
vn -0.110878 0.993834 0.000000
vn 0.057723 0.846841 -0.528705
vn -0.072092 0.976377 -0.203693
vn -0.112691 0.993630 0.000000
vn -0.072092 0.976377 -0.203693
vn -0.113557 0.938649 -0.325642
vn -0.186140 0.982523 0.000000
vn -0.113557 0.938649 -0.325642
vn -0.041634 0.742911 -0.668095
vn -0.009206 0.871204 -0.490835
vn -0.041943 0.885568 -0.462613
vn -0.072092 0.976377 -0.203693
vn 0.057723 0.846841 -0.528705
vn 0.216392 0.684390 -0.696265
vn -0.072092 0.976377 -0.203693
vn 0.216392 0.684390 -0.696265
vn 0.191222 0.827937 -0.527214
vn 0.136445 0.800110 -0.584129
vn 0.216392 0.684390 -0.696265
vn 0.057723 0.846841 -0.528705
vn 0.351186 0.936306 0.000000
vn 0.262727 0.617500 -0.741396
vn 0.216392 0.684390 -0.696265
vn 0.262727 0.617500 -0.741396
vn 0.290887 0.602217 -0.743451
vn 0.289266 0.569705 -0.769261
vn 0.289266 0.569705 -0.769261
vn 0.290887 0.602217 -0.743451
vn 0.232423 0.824678 -0.515641
vn 0.232423 0.824678 -0.515641
vn 0.290887 0.602217 -0.743451
vn 0.158227 0.920442 -0.357422
vn 0.275124 0.831702 -0.482264
vn 0.289266 0.569705 -0.769261
vn 0.232423 0.824678 -0.515641
vn 0.275124 0.831702 -0.482264
vn 0.348540 0.466158 -0.813152
vn 0.289266 0.569705 -0.769261
vn 0.348540 0.466158 -0.813152
vn 0.364218 0.662502 -0.654551
vn 0.387520 0.710314 -0.587608
vn 0.387520 0.710314 -0.587608
vn 0.364218 0.662502 -0.654551
vn 0.191222 0.827937 -0.527214
vn 0.216392 0.684390 -0.696265
vn 0.216392 0.684390 -0.696265
vn 0.289266 0.569705 -0.769261
vn 0.387520 0.710314 -0.587608
vn 0.348540 0.466158 -0.813152
vn 0.275124 0.831702 -0.482264
vn 0.148159 0.771703 -0.618485
vn 0.148159 0.771703 -0.618485
vn 0.275124 0.831702 -0.482264
vn 0.158227 0.920442 -0.357422
vn 0.150852 0.924475 -0.350127
vn 0.191222 0.827937 -0.527214
vn 0.364218 0.662502 -0.654551
vn 0.148159 0.771703 -0.618485
vn 0.191222 0.827937 -0.527214
vn 0.148159 0.771703 -0.618485
vn 0.078558 0.857152 -0.509037
vn 0.136445 0.800110 -0.584129
vn 0.078558 0.857152 -0.509037
vn 0.148159 0.771703 -0.618485
vn 0.150852 0.924475 -0.350127
vn 0.091546 0.958829 -0.268825
vn 0.348540 0.466158 -0.813152
vn 0.148159 0.771703 -0.618485
vn 0.364218 0.662502 -0.654551
vn -0.220056 0.923958 -0.312852
vn -0.162174 0.957524 -0.238429
vn -0.318878 0.947796 0.000000
vn -0.205631 0.978630 0.000000
vn 0.091546 0.958829 -0.268825
vn 0.024077 0.991684 -0.126423
vn -0.009206 0.871204 -0.490835
vn 0.078558 0.857152 -0.509037
vn -0.034662 -0.998682 0.037854
vn -0.026629 -0.999531 0.015093
vn -0.009437 -0.999759 -0.019839
vn -0.050212 -0.998059 0.036829
vn 0.262727 0.617500 -0.741396
vn 0.351186 0.936306 0.000000
vn 0.404553 0.735676 -0.543247
vn 0.404553 0.735676 -0.543247
vn 0.351186 0.936306 0.000000
vn 0.558843 0.829274 0.000000
vn 0.290887 0.602217 -0.743451
vn 0.262727 0.617500 -0.741396
vn 0.404553 0.735676 -0.543247
vn 0.287768 0.724003 -0.626905
vn 0.287768 0.724003 -0.626905
vn 0.404553 0.735676 -0.543247
vn 0.558843 0.829274 0.000000
vn 0.502934 0.864325 0.000000
vn 0.287768 0.724003 -0.626905
vn 0.502934 0.864325 0.000000
vn 0.289306 0.957237 0.000073
vn 0.248910 0.765707 -0.593074
vn 0.287768 0.724003 -0.626905
vn 0.248910 0.765707 -0.593074
vn 0.233028 -0.836681 -0.495643
vn 0.095657 -0.971235 -0.218066
vn 0.290887 0.602217 -0.743451
vn 0.287768 0.724003 -0.626905
vn 0.095657 -0.971235 -0.218066
vn 0.090948 -0.962354 -0.256133
vn 0.158227 0.920442 -0.357422
vn 0.290887 0.602217 -0.743451
vn 0.090948 -0.962354 -0.256133
vn 0.087815 -0.965700 -0.244359
vn 0.150852 0.924475 -0.350127
vn 0.158227 0.920442 -0.357422
vn 0.087815 -0.965700 -0.244359
vn 0.065308 -0.984208 -0.164530
vn 0.091546 0.958829 -0.268825
vn 0.150852 0.924475 -0.350127
vn 0.065308 -0.984208 -0.164530
vn 0.052734 -0.989276 -0.136208
vn 0.248910 0.765707 -0.593074
vn 0.289306 0.957237 0.000073
vn 0.076600 0.997062 0.000735
vn 0.089682 0.679836 -0.727860
vn 0.089682 0.679836 -0.727860
vn 0.076600 0.997062 0.000735
vn 0.064087 0.997930 -0.005386
vn 0.073544 0.636144 -0.768057
vn 0.089682 0.679836 -0.727860
vn 0.082319 -0.786850 -0.611629
vn 0.233028 -0.836681 -0.495643
vn 0.248910 0.765707 -0.593074
vn 0.089682 0.679836 -0.727860
vn 0.073544 0.636144 -0.768057
vn 0.081104 -0.730887 -0.677663
vn 0.082319 -0.786850 -0.611629
vn 0.082319 -0.786850 -0.611629
vn 0.081104 -0.730887 -0.677663
vn 0.066539 -0.997768 -0.005673
vn 0.054527 -0.998507 0.003159
vn 0.082319 -0.786850 -0.611629
vn 0.054527 -0.998507 0.003159
vn 0.077229 -0.997013 0.000000
vn 0.233028 -0.836681 -0.495643
vn 0.080060 -0.996790 0.000003
vn 0.233028 -0.836681 -0.495643
vn 0.077229 -0.997013 0.000000
vn 0.090948 -0.962354 -0.256133
vn 0.095657 -0.971235 -0.218066
vn 0.080060 -0.996790 0.000003
vn 0.046833 -0.986885 -0.154479
vn 0.046833 -0.986885 -0.154479
vn 0.080060 -0.996790 0.000003
vn 0.039337 -0.999226 0.000166
vn 0.087815 -0.965700 -0.244359
vn 0.090948 -0.962354 -0.256133
vn 0.046833 -0.986885 -0.154479
vn 0.044443 -0.987352 -0.152190
vn 0.033114 -0.989444 -0.141084
vn 0.046833 -0.986885 -0.154479
vn 0.039337 -0.999226 0.000166
vn 0.021927 -0.999760 0.000145
vn 0.052734 -0.989276 -0.136208
vn 0.065308 -0.984208 -0.164530
vn 0.042904 -0.991800 -0.120383
vn 0.014191 -0.997841 -0.064120
vn 0.065308 -0.984208 -0.164530
vn 0.087815 -0.965700 -0.244359
vn 0.044443 -0.987352 -0.152190
vn 0.042904 -0.991800 -0.120383
vn 0.042904 -0.991800 -0.120383
vn 0.044443 -0.987352 -0.152190
vn 0.033114 -0.989444 -0.141084
vn 0.000000 -0.998465 -0.055379
vn 0.000000 -0.998465 -0.055379
vn 0.033114 -0.989444 -0.141084
vn 0.021927 -0.999760 0.000145
vn 0.014191 -0.997841 -0.064120
vn 0.042904 -0.991800 -0.120383
vn 0.000000 -0.998465 -0.055379
vn -0.030941 -0.999508 0.005133
vn 0.000000 -0.998465 -0.055379
vn -0.031576 -0.999501 0.000000
vn -0.031512 -0.999503 0.000001
vn 0.091546 0.958829 -0.268825
vn 0.082746 0.971403 -0.222553
vn 0.022565 0.994515 -0.102127
vn 0.024077 0.991684 -0.126423
vn 0.091546 0.958829 -0.268825
vn 0.052734 -0.989276 -0.136208
vn 0.036278 -0.993977 -0.103414
vn 0.082746 0.971403 -0.222553
vn 0.082746 0.971403 -0.222553
vn 0.073324 0.976938 -0.200538
vn 0.006689 0.997270 -0.073539
vn 0.022565 0.994515 -0.102127
vn 0.024077 0.991684 -0.126423
vn 0.022565 0.994515 -0.102127
vn -0.041498 0.999138 0.000722
vn -0.044025 0.998941 0.013372
vn -0.055018 0.997897 0.034281
vn -0.061926 0.997581 0.031592
vn -0.041498 0.999138 0.000722
vn -0.055018 0.997897 0.034281
vn -0.137004 0.981489 0.133824
vn -0.107962 0.993658 -0.031425
vn -0.061926 0.997581 0.031592
vn 0.073324 0.976938 -0.200538
vn -0.036875 0.991784 -0.122491
vn 0.006689 0.997270 -0.073539
vn -0.036875 0.991784 -0.122491
vn -0.040234 0.998864 -0.025540
vn -0.044025 0.998941 0.013372
vn 0.006689 0.997270 -0.073539
vn -0.040234 0.998864 -0.025540
vn -0.025107 0.999622 0.011173
vn -0.055018 0.997897 0.034281
vn -0.044025 0.998941 0.013372
vn -0.025107 0.999622 0.011173
vn -0.044566 0.996372 0.072507
vn -0.137004 0.981489 0.133824
vn -0.055018 0.997897 0.034281
vn -0.041943 0.885568 -0.462613
vn -0.009206 0.871204 -0.490835
vn 0.024077 0.991684 -0.126423
vn -0.041498 0.999138 0.000722
vn -0.061926 0.997581 0.031592
vn -0.064912 0.818140 -0.571343
vn -0.041943 0.885568 -0.462613
vn -0.041498 0.999138 0.000722
vn -0.107962 0.993658 -0.031425
vn -0.064912 0.818140 -0.571343
vn -0.061926 0.997581 0.031592
vn -0.064912 0.818140 -0.571343
vn -0.187513 0.914145 -0.359413
vn -0.113557 0.938649 -0.325642
vn -0.041943 0.885568 -0.462613
vn -0.064912 0.818140 -0.571343
vn -0.107962 0.993658 -0.031425
vn -0.215906 0.933652 -0.285795
vn -0.187513 0.914145 -0.359413
vn -0.187513 0.914145 -0.359413
vn -0.221035 0.975266 0.000000
vn -0.186140 0.982523 0.000000
vn -0.113557 0.938649 -0.325642
vn -0.187513 0.914145 -0.359413
vn -0.215906 0.933652 -0.285795
vn -0.220056 0.923958 -0.312852
vn -0.221035 0.975266 0.000000
vn 0.082746 0.971403 -0.222553
vn 0.036278 -0.993977 -0.103414
vn 0.025081 -0.996193 -0.083488
vn 0.073324 0.976938 -0.200538
vn 0.073324 0.976938 -0.200538
vn 0.025081 -0.996193 -0.083488
vn -0.046463 -0.998919 0.001074
vn -0.036875 0.991784 -0.122491
vn -0.036875 0.991784 -0.122491
vn -0.046463 -0.998919 0.001074
vn -0.033000 -0.999452 -0.002759
vn -0.040234 0.998864 -0.025540
vn -0.040234 0.998864 -0.025540
vn -0.033000 -0.999452 -0.002759
vn -0.026723 -0.999239 -0.028424
vn -0.025107 0.999622 0.011173
vn -0.025107 0.999622 0.011173
vn -0.026723 -0.999239 -0.028424
vn -0.070440 -0.997516 0.000811
vn -0.044566 0.996372 0.072507
vn -0.044566 0.996372 0.072507
vn -0.070440 -0.997516 0.000811
vn -0.102054 -0.987682 0.118615
vn -0.137004 0.981489 0.133824
vn -0.137004 0.981489 0.133824
vn -0.102054 -0.987682 0.118615
vn -0.075504 -0.996400 0.038546
vn -0.107962 0.993658 -0.031425
vn -0.107962 0.993658 -0.031425
vn -0.023869 0.996889 -0.075121
vn -0.215906 0.933652 -0.285795
vn -0.107962 0.993658 -0.031425
vn -0.075504 -0.996400 0.038546
vn -0.096243 -0.990152 -0.101668
vn -0.023869 0.996889 -0.075121
vn 0.078558 0.857152 -0.509037
vn -0.009206 0.871204 -0.490835
vn -0.041634 0.742911 -0.668095
vn 0.136445 0.800110 -0.584129
vn -0.220056 0.923958 -0.312852
vn -0.205631 0.978630 0.000000
vn -0.221035 0.975266 0.000000
vn -0.072092 0.976377 -0.203693
vn 0.136445 0.800110 -0.584129
vn -0.041634 0.742911 -0.668095
vn -0.162174 0.957524 -0.238429
vn -0.104064 -0.990761 -0.086972
vn -0.085027 -0.996379 0.000018
vn -0.318878 0.947796 0.000000
vn -0.072092 0.976377 -0.203693
vn -0.041634 0.742911 -0.668095
vn -0.113557 0.938649 -0.325642
vn -0.220056 0.923958 -0.312852
vn -0.103741 -0.934040 -0.341770
vn 0.037743 0.999054 -0.021614
vn -0.162174 0.957524 -0.238429
vn -0.215906 0.933652 -0.285795
vn -0.033209 -0.997299 0.065514
vn -0.103741 -0.934040 -0.341770
vn -0.220056 0.923958 -0.312852
vn -0.033209 -0.997299 0.065514
vn -0.433578 -0.818154 -0.377669
vn -0.148974 -0.973115 -0.175651
vn -0.103741 -0.934040 -0.341770
vn -0.148974 -0.973115 -0.175651
vn -0.433578 -0.818154 -0.377669
vn -0.393653 0.838160 -0.377526
vn -0.142530 0.965574 -0.217607
vn 0.037743 0.999054 -0.021614
vn -0.103741 -0.934040 -0.341770
vn -0.148974 -0.973115 -0.175651
vn -0.142530 0.965574 -0.217607
vn -0.393653 0.838160 -0.377526
vn -0.433578 -0.818154 -0.377669
vn -0.033209 -0.997299 0.065514
vn 0.012221 0.999484 0.029716
vn -0.393653 0.838160 -0.377526
vn 0.012221 0.999484 0.029716
vn 0.037743 0.999054 -0.021614
vn -0.142530 0.965574 -0.217607
vn -0.023869 0.996889 -0.075121
vn 0.012221 0.999484 0.029716
vn -0.033209 -0.997299 0.065514
vn -0.215906 0.933652 -0.285795
vn -0.023869 0.996889 -0.075121
vn -0.162174 0.957524 -0.238429
vn 0.037743 0.999054 -0.021614
vn 0.012221 0.999484 0.029716
vn -0.023869 0.996889 -0.075121
vn -0.096243 -0.990152 -0.101668
vn -0.104064 -0.990761 -0.086972
vn -0.162174 0.957524 -0.238429
vn 0.036278 -0.993977 -0.103414
vn -0.009437 -0.999759 -0.019839
vn -0.026629 -0.999531 0.015093
vn 0.025081 -0.996193 -0.083488
vn 0.052734 -0.989276 -0.136208
vn 0.014191 -0.997841 -0.064120
vn -0.009437 -0.999759 -0.019839
vn 0.036278 -0.993977 -0.103414
vn -0.026629 -0.999531 0.015093
vn -0.046463 -0.998919 0.001074
vn 0.025081 -0.996193 -0.083488
vn -0.009437 -0.999759 -0.019839
vn 0.014191 -0.997841 -0.064120
vn -0.028762 -0.999566 0.006346
vn -0.030941 -0.999508 0.005133
vn -0.029641 -0.999545 0.005655
vn -0.028762 -0.999566 0.006346
vn 0.014191 -0.997841 -0.064120
vn -0.033000 -0.999452 -0.002759
vn -0.046463 -0.998919 0.001074
vn -0.026629 -0.999531 0.015093
vn -0.034662 -0.998682 0.037854
vn -0.050212 -0.998059 0.036829
vn -0.020350 -0.999641 0.017457
vn -0.018381 -0.999631 0.020007
vn -0.034662 -0.998682 0.037854
vn -0.026723 -0.999239 -0.028424
vn -0.033000 -0.999452 -0.002759
vn -0.034662 -0.998682 0.037854
vn -0.018381 -0.999631 0.020007
vn -0.026723 -0.999239 -0.028424
vn -0.018381 -0.999631 0.020007
vn -0.102054 -0.987682 0.118615
vn -0.070440 -0.997516 0.000811
vn -0.102054 -0.987682 0.118615
vn -0.018381 -0.999631 0.020007
vn -0.020350 -0.999641 0.017457
vn -0.075504 -0.996400 0.038546
vn -0.050212 -0.998059 0.036829
vn -0.061274 -0.998103 -0.006035
vn -0.060518 -0.997526 -0.035762
vn -0.020350 -0.999641 0.017457
vn -0.020350 -0.999641 0.017457
vn -0.060518 -0.997526 -0.035762
vn -0.075504 -0.996400 0.038546
vn -0.031512 -0.999503 0.000001
vn -0.030007 -0.999550 0.000005
vn -0.029641 -0.999545 0.005655
vn -0.030941 -0.999508 0.005133
vn -0.042392 -0.999084 -0.005813
vn -0.032019 -0.999487 -0.000091
vn -0.033601 -0.999435 -0.000191
vn -0.040167 -0.999018 -0.018719
vn -0.061274 -0.998103 -0.006035
vn -0.042392 -0.999084 -0.005813
vn -0.040167 -0.999018 -0.018719
vn -0.051774 -0.998374 -0.023873
vn -0.040167 -0.999018 -0.018719
vn -0.033601 -0.999435 -0.000191
vn -0.041339 -0.999145 -0.000134
vn -0.050212 -0.998399 -0.026044
vn -0.060518 -0.997526 -0.035762
vn -0.051774 -0.998374 -0.023873
vn -0.050212 -0.998399 -0.026044
vn -0.075504 -0.996400 0.038546
vn -0.050212 -0.998399 -0.026044
vn -0.104064 -0.990761 -0.086972
vn -0.096243 -0.990152 -0.101668
vn -0.050212 -0.998399 -0.026044
vn -0.061726 -0.998093 0.000015
vn -0.085027 -0.996379 0.000018
vn -0.104064 -0.990761 -0.086972
vn 0.022565 0.994515 -0.102127
vn 0.006689 0.997270 -0.073539
vn -0.044025 0.998941 0.013372
vn -0.041498 0.999138 0.000722
vn 0.044443 -0.987352 -0.152190
vn 0.046833 -0.986885 -0.154479
vn 0.033114 -0.989444 -0.141084
vn -0.031576 -0.999501 0.000000
vn 0.000000 -0.998465 -0.055379
vn 0.021927 -0.999760 0.000145
vn -0.030941 -0.999508 0.005133
vn 0.014191 -0.997841 -0.064120
vn 0.000000 -0.998465 -0.055379
vn 0.066539 -0.997768 -0.005673
vn 0.081104 -0.730887 -0.677663
vn 0.073544 0.636144 -0.768057
vn 0.064087 0.997930 -0.005386
vn -0.112691 0.993630 0.000000
vn -0.072092 0.976377 0.203693
vn 0.057723 0.846841 0.528705
vn -0.110878 0.993834 0.000000
vn -0.112691 0.993630 0.000000
vn -0.186140 0.982523 0.000000
vn -0.113557 0.938649 0.325642
vn -0.072092 0.976377 0.203693
vn -0.113557 0.938649 0.325642
vn -0.041943 0.885568 0.462613
vn -0.009206 0.871204 0.490835
vn -0.041634 0.742911 0.668095
vn -0.072092 0.976377 0.203693
vn 0.216392 0.684390 0.696265
vn 0.057723 0.846841 0.528705
vn -0.072092 0.976377 0.203693
vn 0.136445 0.800110 0.584129
vn 0.191222 0.827937 0.527214
vn 0.216392 0.684390 0.696265
vn 0.216392 0.684390 0.696265
vn 0.262727 0.617500 0.741396
vn 0.351186 0.936306 0.000000
vn 0.057723 0.846841 0.528705
vn 0.216392 0.684390 0.696265
vn 0.289266 0.569705 0.769261
vn 0.290887 0.602217 0.743451
vn 0.262727 0.617500 0.741396
vn 0.289266 0.569705 0.769261
vn 0.232423 0.824678 0.515641
vn 0.290887 0.602217 0.743451
vn 0.232423 0.824678 0.515641
vn 0.275124 0.831702 0.482264
vn 0.158227 0.920442 0.357422
vn 0.290887 0.602217 0.743451
vn 0.289266 0.569705 0.769261
vn 0.348540 0.466158 0.813152
vn 0.275124 0.831702 0.482264
vn 0.232423 0.824678 0.515641
vn 0.289266 0.569705 0.769261
vn 0.387520 0.710314 0.587608
vn 0.364218 0.662502 0.654551
vn 0.348540 0.466158 0.813152
vn 0.387520 0.710314 0.587608
vn 0.216392 0.684390 0.696265
vn 0.191222 0.827937 0.527214
vn 0.364218 0.662502 0.654551
vn 0.216392 0.684390 0.696265
vn 0.387520 0.710314 0.587608
vn 0.289266 0.569705 0.769261
vn 0.348540 0.466158 0.813152
vn 0.148159 0.771703 0.618485
vn 0.275124 0.831702 0.482264
vn 0.148159 0.771703 0.618485
vn 0.150852 0.924475 0.350127
vn 0.158227 0.920442 0.357422
vn 0.275124 0.831702 0.482264
vn 0.191222 0.827937 0.527214
vn 0.148159 0.771703 0.618485
vn 0.364218 0.662502 0.654551
vn 0.191222 0.827937 0.527214
vn 0.136445 0.800110 0.584129
vn 0.078558 0.857152 0.509037
vn 0.148159 0.771703 0.618485
vn 0.078558 0.857152 0.509037
vn 0.090962 0.959221 0.267620
vn 0.150852 0.924475 0.350127
vn 0.148159 0.771703 0.618485
vn 0.348540 0.466158 0.813152
vn 0.364218 0.662502 0.654551
vn 0.148159 0.771703 0.618485
vn -0.220056 0.923958 0.312852
vn -0.205631 0.978630 0.000000
vn -0.318878 0.947796 0.000000
vn -0.128979 0.970793 0.202303
vn 0.090962 0.959221 0.267620
vn 0.078558 0.857152 0.509037
vn -0.009206 0.871204 0.490835
vn 0.024077 0.991684 0.126423
vn -0.034005 -0.998726 -0.037277
vn -0.049893 -0.998093 -0.036359
vn -0.008274 -0.999722 0.022098
vn -0.025195 -0.999596 -0.013183
vn 0.262727 0.617500 0.741396
vn 0.404553 0.735676 0.543247
vn 0.351186 0.936306 0.000000
vn 0.404553 0.735676 0.543247
vn 0.558843 0.829274 0.000000
vn 0.351186 0.936306 0.000000
vn 0.290887 0.602217 0.743451
vn 0.287768 0.724003 0.626905
vn 0.404553 0.735676 0.543247
vn 0.262727 0.617500 0.741396
vn 0.287768 0.724003 0.626905
vn 0.502934 0.864325 0.000000
vn 0.558843 0.829274 0.000000
vn 0.404553 0.735676 0.543247
vn 0.287768 0.724003 0.626905
vn 0.248923 0.765875 0.592852
vn 0.289306 0.957237 0.000073
vn 0.502934 0.864325 0.000000
vn 0.287768 0.724003 0.626905
vn 0.095399 -0.971354 0.217646
vn 0.233028 -0.836682 0.495642
vn 0.248923 0.765875 0.592852
vn 0.290887 0.602217 0.743451
vn 0.093268 -0.961063 0.260114
vn 0.095399 -0.971354 0.217646
vn 0.287768 0.724003 0.626905
vn 0.158227 0.920442 0.357422
vn 0.089011 -0.964284 0.249468
vn 0.093268 -0.961063 0.260114
vn 0.290887 0.602217 0.743451
vn 0.150852 0.924475 0.350127
vn 0.064458 -0.984337 0.164090
vn 0.089011 -0.964284 0.249468
vn 0.158227 0.920442 0.357422
vn 0.090962 0.959221 0.267620
vn 0.051673 -0.989433 0.135473
vn 0.064458 -0.984337 0.164090
vn 0.150852 0.924475 0.350127
vn 0.248923 0.765875 0.592852
vn 0.105997 0.702181 0.704064
vn 0.076600 0.997062 0.000735
vn 0.289306 0.957237 0.000073
vn 0.105997 0.702181 0.704064
vn 0.100475 0.674051 0.731820
vn 0.064087 0.997930 -0.005386
vn 0.076600 0.997062 0.000735
vn 0.105997 0.702181 0.704064
vn 0.248923 0.765875 0.592852
vn 0.233028 -0.836682 0.495642
vn 0.097771 -0.785901 0.610574
vn 0.105997 0.702181 0.704064
vn 0.097771 -0.785901 0.610574
vn 0.110203 -0.736692 0.667188
vn 0.100475 0.674051 0.731820
vn 0.097771 -0.785901 0.610574
vn 0.054527 -0.998507 0.003159
vn 0.066539 -0.997768 -0.005673
vn 0.110203 -0.736692 0.667188
vn 0.097771 -0.785901 0.610574
vn 0.233028 -0.836682 0.495642
vn 0.077229 -0.997013 0.000000
vn 0.054527 -0.998507 0.003159
vn 0.233028 -0.836682 0.495642
vn 0.080060 -0.996790 0.000003
vn 0.077229 -0.997013 0.000000
vn 0.093268 -0.961063 0.260114
vn 0.047343 -0.986741 0.155246
vn 0.080060 -0.996790 0.000003
vn 0.095399 -0.971354 0.217646
vn 0.047343 -0.986741 0.155246
vn 0.039337 -0.999226 0.000166
vn 0.080060 -0.996790 0.000003
vn 0.089011 -0.964284 0.249468
vn 0.044569 -0.987304 0.152459
vn 0.047343 -0.986741 0.155246
vn 0.093268 -0.961063 0.260114
vn 0.032639 -0.989695 0.139422
vn 0.021927 -0.999760 0.000145
vn 0.039337 -0.999226 0.000166
vn 0.047343 -0.986741 0.155246
vn 0.051673 -0.989433 0.135473
vn 0.014162 -0.997814 0.064558
vn 0.041828 -0.991960 0.119440
vn 0.064458 -0.984337 0.164090
vn 0.064458 -0.984337 0.164090
vn 0.041828 -0.991960 0.119440
vn 0.044569 -0.987304 0.152459
vn 0.089011 -0.964284 0.249468
vn 0.041828 -0.991960 0.119440
vn -0.000510 -0.998474 0.055220
vn 0.032639 -0.989695 0.139422
vn 0.044569 -0.987304 0.152459
vn -0.000510 -0.998474 0.055220
vn 0.021927 -0.999760 0.000145
vn 0.032639 -0.989695 0.139422
vn 0.014162 -0.997814 0.064558
vn -0.000510 -0.998474 0.055220
vn 0.041828 -0.991960 0.119440
vn -0.030564 -0.999524 -0.004251
vn -0.031512 -0.999503 0.000001
vn -0.031576 -0.999501 0.000000
vn -0.000510 -0.998474 0.055220
vn 0.090962 0.959221 0.267620
vn 0.024077 0.991684 0.126423
vn 0.022565 0.994515 0.102127
vn 0.081165 0.972377 0.218851
vn 0.090962 0.959221 0.267620
vn 0.081165 0.972377 0.218851
vn 0.036161 -0.994059 0.102664
vn 0.051673 -0.989433 0.135473
vn 0.081165 0.972377 0.218851
vn 0.022565 0.994515 0.102127
vn 0.006689 0.997270 0.073539
vn 0.072150 0.977603 0.197705
vn 0.024077 0.991684 0.126423
vn -0.041498 0.999138 -0.000722
vn 0.022565 0.994515 0.102127
vn -0.044025 0.998941 -0.013372
vn -0.041498 0.999138 -0.000722
vn -0.061926 0.997581 -0.031592
vn -0.055018 0.997897 -0.034281
vn -0.055018 0.997897 -0.034281
vn -0.061926 0.997581 -0.031592
vn -0.086143 0.995471 0.040225
vn -0.091235 0.992500 -0.081358
vn 0.072150 0.977603 0.197705
vn 0.006689 0.997270 0.073539
vn -0.036445 0.991856 0.122042
vn -0.036445 0.991856 0.122042
vn 0.006689 0.997270 0.073539
vn -0.044025 0.998941 -0.013372
vn -0.039834 0.998891 0.025104
vn -0.039834 0.998891 0.025104
vn -0.044025 0.998941 -0.013372
vn -0.055018 0.997897 -0.034281
vn -0.024868 0.999625 -0.011436
vn -0.024868 0.999625 -0.011436
vn -0.055018 0.997897 -0.034281
vn -0.091235 0.992500 -0.081358
vn -0.042640 0.996555 -0.071140
vn -0.041943 0.885568 0.462613
vn -0.041498 0.999138 -0.000722
vn 0.024077 0.991684 0.126423
vn -0.009206 0.871204 0.490835
vn -0.061926 0.997581 -0.031592
vn -0.041498 0.999138 -0.000722
vn -0.041943 0.885568 0.462613
vn -0.064912 0.818140 0.571343
vn -0.086143 0.995471 0.040225
vn -0.061926 0.997581 -0.031592
vn -0.064912 0.818140 0.571343
vn -0.064912 0.818140 0.571343
vn -0.041943 0.885568 0.462613
vn -0.113557 0.938649 0.325642
vn -0.187513 0.914145 0.359413
vn -0.064912 0.818140 0.571343
vn -0.187513 0.914145 0.359413
vn -0.215906 0.933652 0.285795
vn -0.086143 0.995471 0.040225
vn -0.187513 0.914145 0.359413
vn -0.113557 0.938649 0.325642
vn -0.186140 0.982523 0.000000
vn -0.221035 0.975266 0.000000
vn -0.187513 0.914145 0.359413
vn -0.221035 0.975266 0.000000
vn -0.220056 0.923958 0.312852
vn -0.215906 0.933652 0.285795
vn 0.081165 0.972377 0.218851
vn 0.072150 0.977603 0.197705
vn 0.026398 -0.996141 0.083706
vn 0.036161 -0.994059 0.102664
vn 0.072150 0.977603 0.197705
vn -0.036445 0.991856 0.122042
vn -0.046908 -0.998899 0.001124
vn 0.026398 -0.996141 0.083706
vn -0.036445 0.991856 0.122042
vn -0.039834 0.998891 0.025104
vn -0.033775 -0.999409 0.006343
vn -0.046908 -0.998899 0.001124
vn -0.039834 0.998891 0.025104
vn -0.024868 0.999625 -0.011436
vn -0.030027 -0.999138 0.028664
vn -0.033775 -0.999409 0.006343
vn -0.024868 0.999625 -0.011436
vn -0.042640 0.996555 -0.071140
vn -0.075593 -0.997130 -0.004245
vn -0.030027 -0.999138 0.028664
vn -0.042640 0.996555 -0.071140
vn -0.091235 0.992500 -0.081358
vn -0.102535 -0.986829 -0.125121
vn -0.075593 -0.997130 -0.004245
vn -0.091235 0.992500 -0.081358
vn -0.086143 0.995471 0.040225
vn -0.088579 -0.995040 -0.045273
vn -0.102535 -0.986829 -0.125121
vn -0.086143 0.995471 0.040225
vn -0.215906 0.933652 0.285795
vn 0.005163 0.999503 0.031107
vn -0.086143 0.995471 0.040225
vn 0.005163 0.999503 0.031107
vn -0.077457 -0.992989 0.089294
vn -0.088579 -0.995040 -0.045273
vn 0.078558 0.857152 0.509037
vn 0.136445 0.800110 0.584129
vn -0.041634 0.742911 0.668095
vn -0.009206 0.871204 0.490835
vn -0.220056 0.923958 0.312852
vn -0.221035 0.975266 0.000000
vn -0.205631 0.978630 0.000000
vn -0.072092 0.976377 0.203693
vn -0.041634 0.742911 0.668095
vn 0.136445 0.800110 0.584129
vn -0.128979 0.970793 0.202303
vn -0.318878 0.947796 0.000000
vn -0.085027 -0.996379 0.000018
vn -0.090482 -0.992984 0.076125
vn -0.072092 0.976377 0.203693
vn -0.113557 0.938649 0.325642
vn -0.041634 0.742911 0.668095
vn -0.220056 0.923958 0.312852
vn -0.128979 0.970793 0.202303
vn 0.037743 0.999054 0.021614
vn -0.103741 -0.934040 0.341770
vn -0.215906 0.933652 0.285795
vn -0.220056 0.923958 0.312852
vn -0.103741 -0.934040 0.341770
vn -0.033209 -0.997299 -0.065514
vn -0.033209 -0.997299 -0.065514
vn -0.103741 -0.934040 0.341770
vn -0.148974 -0.973115 0.175651
vn -0.433578 -0.818154 0.377669
vn -0.148974 -0.973115 0.175651
vn -0.142530 0.965573 0.217608
vn -0.393653 0.838159 0.377527
vn -0.433578 -0.818154 0.377669
vn 0.037743 0.999054 0.021614
vn -0.142530 0.965573 0.217608
vn -0.148974 -0.973115 0.175651
vn -0.103741 -0.934040 0.341770
vn -0.393653 0.838159 0.377527
vn 0.012221 0.999484 -0.029716
vn -0.033209 -0.997299 -0.065514
vn -0.433578 -0.818154 0.377669
vn -0.393653 0.838159 0.377527
vn -0.142530 0.965573 0.217608
vn 0.037743 0.999054 0.021614
vn 0.012221 0.999484 -0.029716
vn 0.005163 0.999503 0.031107
vn -0.215906 0.933652 0.285795
vn -0.033209 -0.997299 -0.065514
vn 0.012221 0.999484 -0.029716
vn 0.005163 0.999503 0.031107
vn 0.012221 0.999484 -0.029716
vn 0.037743 0.999054 0.021614
vn -0.128979 0.970793 0.202303
vn 0.005163 0.999503 0.031107
vn -0.128979 0.970793 0.202303
vn -0.090482 -0.992984 0.076125
vn -0.077457 -0.992989 0.089294
vn 0.036161 -0.994059 0.102664
vn 0.026398 -0.996141 0.083706
vn -0.025195 -0.999596 -0.013183
vn -0.008274 -0.999722 0.022098
vn 0.051673 -0.989433 0.135473
vn 0.036161 -0.994059 0.102664
vn -0.008274 -0.999722 0.022098
vn 0.014162 -0.997814 0.064558
vn -0.025195 -0.999596 -0.013183
vn 0.026398 -0.996141 0.083706
vn -0.046908 -0.998899 0.001124
vn -0.008274 -0.999722 0.022098
vn -0.044461 -0.999002 -0.004333
vn -0.027184 -0.999617 -0.005151
vn -0.030564 -0.999524 -0.004251
vn 0.014162 -0.997814 0.064558
vn -0.027184 -0.999617 -0.005151
vn -0.028982 -0.999565 -0.005451
vn -0.033775 -0.999409 0.006343
vn -0.034005 -0.998726 -0.037277
vn -0.025195 -0.999596 -0.013183
vn -0.046908 -0.998899 0.001124
vn -0.049893 -0.998093 -0.036359
vn -0.034005 -0.998726 -0.037277
vn -0.032100 -0.998764 -0.037948
vn -0.026552 -0.999308 -0.026056
vn -0.030027 -0.999138 0.028664
vn -0.032100 -0.998764 -0.037948
vn -0.034005 -0.998726 -0.037277
vn -0.033775 -0.999409 0.006343
vn -0.030027 -0.999138 0.028664
vn -0.075593 -0.997130 -0.004245
vn -0.102535 -0.986829 -0.125121
vn -0.032100 -0.998764 -0.037948
vn -0.102535 -0.986829 -0.125121
vn -0.088579 -0.995040 -0.045273
vn -0.026552 -0.999308 -0.026056
vn -0.032100 -0.998764 -0.037948
vn -0.049893 -0.998093 -0.036359
vn -0.026552 -0.999308 -0.026056
vn -0.084264 -0.995262 0.048503
vn -0.062409 -0.998031 0.006286
vn -0.026552 -0.999308 -0.026056
vn -0.088579 -0.995040 -0.045273
vn -0.084264 -0.995262 0.048503
vn -0.031512 -0.999503 0.000001
vn -0.030564 -0.999524 -0.004251
vn -0.028982 -0.999565 -0.005451
vn -0.030007 -0.999550 0.000005
vn -0.043378 -0.999039 0.006261
vn -0.041749 -0.998916 0.020577
vn -0.033601 -0.999435 -0.000191
vn -0.032019 -0.999487 -0.000091
vn -0.062409 -0.998031 0.006286
vn -0.068129 -0.997092 0.034155
vn -0.041749 -0.998916 0.020577
vn -0.043378 -0.999039 0.006261
vn -0.041749 -0.998916 0.020577
vn -0.054101 -0.997790 0.038584
vn -0.041339 -0.999145 -0.000134
vn -0.033601 -0.999435 -0.000191
vn -0.084264 -0.995262 0.048503
vn -0.088579 -0.995040 -0.045273
vn -0.054101 -0.997790 0.038584
vn -0.068129 -0.997092 0.034155
vn -0.077457 -0.992989 0.089294
vn -0.090482 -0.992984 0.076125
vn -0.054101 -0.997790 0.038584
vn -0.054101 -0.997790 0.038584
vn -0.090482 -0.992984 0.076125
vn -0.085027 -0.996379 0.000018
vn -0.061726 -0.998093 0.000015
vn 0.022565 0.994515 0.102127
vn -0.041498 0.999138 -0.000722
vn -0.044025 0.998941 -0.013372
vn 0.006689 0.997270 0.073539
vn 0.044569 -0.987304 0.152459
vn 0.032639 -0.989695 0.139422
vn 0.047343 -0.986741 0.155246
vn -0.031576 -0.999501 0.000000
vn 0.021927 -0.999760 0.000145
vn -0.000510 -0.998474 0.055220
vn -0.030564 -0.999524 -0.004251
vn -0.000510 -0.998474 0.055220
vn 0.014162 -0.997814 0.064558
vn 0.066539 -0.997768 -0.005673
vn 0.064087 0.997930 -0.005386
vn 0.100475 0.674051 0.731820
vn 0.110203 -0.736692 0.667188
vn -0.029655 0.576327 0.816681
vn -0.005205 -0.578389 -0.815744
vn -0.044535 -0.604805 -0.795127
vn -0.061249 0.543837 0.836953
vn 0.047474 -0.538293 -0.841419
vn 0.037087 -0.542547 -0.839206
vn 0.005146 0.636574 0.771198
vn 0.021140 0.661912 0.749283
vn -0.005205 -0.578389 -0.815744
vn -0.029655 0.576327 0.816681
vn 0.005146 0.636574 0.771198
vn 0.037087 -0.542547 -0.839206
vn 0.039656 -0.550142 -0.834129
vn 0.037087 -0.542547 -0.839206
vn 0.047474 -0.538293 -0.841419
vn 0.070915 -0.494099 -0.866509
vn 0.041744 0.693901 0.718859
vn 0.021140 0.661912 0.749283
vn 0.005146 0.636574 0.771198
vn 0.011629 0.644811 0.764254
vn -0.020845 -0.599692 -0.799960
vn -0.044535 -0.604805 -0.795127
vn -0.005205 -0.578389 -0.815744
vn -0.018711 -0.597700 -0.801501
vn -0.012391 0.612525 0.790354
vn -0.029655 0.576327 0.816681
vn -0.081293 0.518532 0.851185
vn -0.018711 -0.597700 -0.801501
vn -0.005205 -0.578389 -0.815744
vn 0.028273 -0.553199 -0.832569
vn -0.081293 0.518532 0.851185
vn -0.029655 0.576327 0.816681
vn -0.061249 0.543837 0.836953
vn -0.038150 0.550257 0.834123
vn 0.011629 0.644811 0.764254
vn 0.005146 0.636574 0.771198
vn -0.029655 0.576327 0.816681
vn -0.012391 0.612525 0.790354
vn 0.028273 -0.553199 -0.832569
vn -0.005205 -0.578389 -0.815744
vn 0.037087 -0.542547 -0.839206
vn 0.039656 -0.550142 -0.834129
vn 0.070915 -0.494099 -0.866509
vn 0.047474 -0.538293 -0.841419
vn 0.021140 0.661912 0.749283
vn 0.041744 0.693901 0.718859
vn -0.020845 -0.599692 -0.799960
vn -0.038150 0.550257 0.834123
vn -0.012273 0.566017 0.824302
vn -0.046406 -0.620640 -0.782721
vn -0.061249 0.543837 0.836953
vn -0.044535 -0.604805 -0.795127
vn -0.046406 -0.620640 -0.782721
vn -0.012273 0.566017 0.824302
vn -0.038150 0.550257 0.834123
vn -0.061249 0.543837 0.836953
vn -0.012273 0.566017 0.824302
vn -0.044535 -0.604805 -0.795127
vn -0.020845 -0.599692 -0.799960
vn -0.046406 -0.620640 -0.782721
vn -0.029655 0.576326 -0.816681
vn -0.061249 0.543837 -0.836953
vn -0.044534 -0.604805 0.795127
vn -0.005205 -0.578389 0.815744
vn 0.047474 -0.538293 0.841420
vn 0.021140 0.661912 -0.749283
vn 0.005146 0.636574 -0.771198
vn 0.037087 -0.542547 0.839206
vn -0.005205 -0.578389 0.815744
vn 0.037087 -0.542547 0.839206
vn 0.005146 0.636574 -0.771198
vn -0.029655 0.576326 -0.816681
vn 0.039656 -0.550141 0.834130
vn 0.070915 -0.494098 0.866509
vn 0.047474 -0.538293 0.841420
vn 0.037087 -0.542547 0.839206
vn 0.041744 0.693901 -0.718859
vn 0.011629 0.644811 -0.764254
vn 0.005146 0.636574 -0.771198
vn 0.021140 0.661912 -0.749283
vn -0.020845 -0.599692 0.799959
vn -0.018711 -0.597700 0.801501
vn -0.005205 -0.578389 0.815744
vn -0.044534 -0.604805 0.795127
vn -0.012391 0.612525 -0.790354
vn -0.081293 0.518532 -0.851185
vn -0.029655 0.576326 -0.816681
vn -0.018711 -0.597700 0.801501
vn 0.028274 -0.553199 0.832569
vn -0.005205 -0.578389 0.815744
vn -0.081293 0.518532 -0.851185
vn -0.038150 0.550257 -0.834123
vn -0.061249 0.543837 -0.836953
vn -0.029655 0.576326 -0.816681
vn 0.011629 0.644811 -0.764254
vn -0.012391 0.612525 -0.790354
vn -0.029655 0.576326 -0.816681
vn 0.005146 0.636574 -0.771198
vn 0.028274 -0.553199 0.832569
vn 0.039656 -0.550141 0.834130
vn 0.037087 -0.542547 0.839206
vn -0.005205 -0.578389 0.815744
vn 0.070915 -0.494098 0.866509
vn 0.041744 0.693901 -0.718859
vn 0.021140 0.661912 -0.749283
vn 0.047474 -0.538293 0.841420
vn -0.020845 -0.599692 0.799959
vn -0.046406 -0.620640 0.782721
vn -0.012273 0.566017 -0.824302
vn -0.038150 0.550257 -0.834123
vn -0.061249 0.543837 -0.836953
vn -0.012273 0.566017 -0.824302
vn -0.046406 -0.620640 0.782721
vn -0.044534 -0.604805 0.795127
vn -0.038150 0.550257 -0.834123
vn -0.012273 0.566017 -0.824302
vn -0.061249 0.543837 -0.836953
vn -0.044534 -0.604805 0.795127
vn -0.046406 -0.620640 0.782721
vn -0.020845 -0.599692 0.799959
vn -0.051896 0.002411 0.998650
vn -0.051895 0.002411 0.998650
vn -0.605431 0.028132 0.795400
vn -0.605439 0.028133 0.795394
vn -0.605439 0.028133 0.795394
vn -0.605431 0.028132 0.795400
vn -0.605427 0.028133 -0.795404
vn -0.605434 0.028133 -0.795398
vn -0.051896 0.002411 -0.998650
vn -0.051894 0.002411 -0.998650
vn -0.000001 0.000000 -1.000000
vn -0.000001 0.000000 -1.000000
vn -0.605434 0.028133 -0.795398
vn -0.605427 0.028133 -0.795404
vn -0.051894 0.002411 -0.998650
vn -0.051896 0.002411 -0.998650
vn -0.000001 0.000000 1.000000
vn -0.000001 0.000000 1.000000
vn -0.051895 0.002411 0.998650
vn -0.051896 0.002411 0.998650
vn -0.051894 0.002411 0.998650
vn -0.051892 0.002411 0.998650
vn -0.605351 0.028127 0.795462
vn -0.605361 0.028127 0.795454
vn -0.605361 0.028127 0.795454
vn -0.605351 0.028127 0.795462
vn -0.605349 0.028127 -0.795463
vn -0.605358 0.028127 -0.795456
vn -0.051893 0.002411 -0.998650
vn -0.051890 0.002411 -0.998650
vn 0.000000 0.000000 -1.000000
vn 0.000000 0.000000 -1.000000
vn -0.605358 0.028127 -0.795456
vn -0.605349 0.028127 -0.795463
vn -0.051890 0.002411 -0.998650
vn -0.051893 0.002411 -0.998650
vn -0.000001 0.000000 1.000000
vn -0.000001 0.000000 1.000000
vn -0.051892 0.002411 0.998650
vn -0.051894 0.002411 0.998650
vn -0.051894 0.002411 0.998650
vn -0.051892 0.002411 0.998650
vn -0.605429 0.028130 0.795402
vn -0.605436 0.028130 0.795397
vn -0.605436 0.028130 0.795397
vn -0.605429 0.028130 0.795402
vn -0.605429 0.028130 -0.795402
vn -0.605437 0.028130 -0.795396
vn -0.051895 0.002411 -0.998650
vn -0.051893 0.002411 -0.998650
vn 0.000001 0.000000 -1.000000
vn 0.000001 0.000000 -1.000000
vn -0.605437 0.028130 -0.795396
vn -0.605429 0.028130 -0.795402
vn -0.051893 0.002411 -0.998650
vn -0.051895 0.002411 -0.998650
vn 0.000001 0.000000 1.000000
vn 0.000001 0.000000 1.000000
vn -0.051892 0.002411 0.998650
vn -0.051894 0.002411 0.998650
vn -0.051894 0.002412 0.998650
vn -0.051892 0.002412 0.998650
vn -0.605289 0.028141 0.795508
vn -0.605306 0.028141 0.795495
vn -0.605306 0.028141 0.795495
vn -0.605289 0.028141 0.795508
vn -0.605389 0.028145 -0.795432
vn -0.605406 0.028146 -0.795419
vn -0.051922 0.002413 -0.998648
vn -0.051920 0.002413 -0.998648
vn 0.000000 0.000000 -1.000000
vn 0.000000 0.000000 -1.000000
vn -0.605406 0.028146 -0.795419
vn -0.605389 0.028145 -0.795432
vn -0.051920 0.002413 -0.998648
vn -0.051922 0.002413 -0.998648
vn 0.000001 0.000000 1.000000
vn 0.000001 0.000000 1.000000
vn -0.051892 0.002412 0.998650
vn -0.051894 0.002412 0.998650
vn -0.051922 0.002412 0.998648
vn -0.051920 0.002412 0.998648
vn -0.605434 0.028130 0.795398
vn -0.605441 0.028131 0.795393
vn -0.605441 0.028131 0.795393
vn -0.605434 0.028130 0.795398
vn -0.605432 0.028131 -0.795400
vn -0.605439 0.028131 -0.795394
vn -0.051921 0.002412 -0.998648
vn -0.051919 0.002412 -0.998648
vn 0.000000 0.000000 -1.000000
vn 0.000000 0.000000 -1.000000
vn -0.605439 0.028131 -0.795394
vn -0.605432 0.028131 -0.795400
vn -0.051919 0.002412 -0.998648
vn -0.051921 0.002412 -0.998648
vn 0.000000 0.000000 1.000000
vn 0.000000 0.000000 1.000000
vn -0.051920 0.002412 0.998648
vn -0.051922 0.002412 0.998648
vn -0.051923 0.002412 0.998648
vn -0.051922 0.002412 0.998648
vn -0.605428 0.028130 0.795403
vn -0.605436 0.028130 0.795397
vn -0.605436 0.028130 0.795397
vn -0.605428 0.028130 0.795403
vn -0.605329 0.028126 -0.795478
vn -0.605336 0.028126 -0.795473
vn -0.051897 0.002411 -0.998650
vn -0.051896 0.002411 -0.998650
vn 0.000000 0.000000 -1.000000
vn 0.000000 0.000000 -1.000000
vn -0.605336 0.028126 -0.795473
vn -0.605329 0.028126 -0.795478
vn -0.051896 0.002411 -0.998650
vn -0.051897 0.002411 -0.998650
vn 0.000001 0.000000 1.000000
vn 0.000001 0.000000 1.000000
vn -0.051922 0.002412 0.998648
vn -0.051923 0.002412 0.998648
vn -0.051895 0.002411 0.998650
vn -0.051894 0.002411 0.998650
vn -0.605430 0.028132 0.795401
vn -0.605438 0.028132 0.795395
vn -0.605438 0.028132 0.795395
vn -0.605430 0.028132 0.795401
vn -0.605428 0.028132 -0.795403
vn -0.605435 0.028132 -0.795397
vn -0.051895 0.002411 -0.998650
vn -0.051894 0.002411 -0.998650
vn 0.000000 0.000000 -1.000000
vn 0.000000 0.000000 -1.000000
vn -0.605435 0.028132 -0.795397
vn -0.605428 0.028132 -0.795403
vn -0.051894 0.002411 -0.998650
vn -0.051895 0.002411 -0.998650
vn 0.000001 0.000000 1.000000
vn 0.000001 0.000000 1.000000
vn -0.051894 0.002411 0.998650
vn -0.051895 0.002411 0.998650
vn -0.051896 0.002411 0.998650
vn -0.051895 0.002411 0.998650
vn -0.605428 0.028131 0.795403
vn -0.605435 0.028131 0.795398
vn -0.605435 0.028131 0.795398
vn -0.605428 0.028131 0.795403
vn -0.605431 0.028130 -0.795400
vn -0.605438 0.028131 -0.795395
vn -0.051896 0.002411 -0.998650
vn -0.051895 0.002411 -0.998650
vn 0.000000 0.000000 -1.000000
vn 0.000000 0.000000 -1.000000
vn -0.605438 0.028131 -0.795395
vn -0.605431 0.028130 -0.795400
vn -0.051895 0.002411 -0.998650
vn -0.051896 0.002411 -0.998650
vn -0.000001 0.000000 1.000000
vn -0.000001 0.000000 1.000000
vn -0.051895 0.002411 0.998650
vn -0.051896 0.002411 0.998650
vn -0.051897 0.002412 0.998650
vn -0.051891 0.002412 0.998650
vn -0.605386 0.028136 0.795434
vn -0.605396 0.028137 0.795427
vn -0.605396 0.028137 0.795427
vn -0.605386 0.028136 0.795434
vn -0.605387 0.028136 -0.795434
vn -0.605396 0.028137 -0.795427
vn -0.051897 0.002412 -0.998650
vn -0.051892 0.002412 -0.998650
vn -0.000001 0.000000 -1.000000
vn -0.000001 0.000000 -1.000000
vn -0.605396 0.028137 -0.795427
vn -0.605387 0.028136 -0.795434
vn -0.051892 0.002412 -0.998650
vn -0.051897 0.002412 -0.998650
vn 0.000000 0.000000 1.000000
vn 0.000000 0.000000 1.000000
vn -0.051891 0.002412 0.998650
vn -0.051897 0.002412 0.998650
vn -0.051896 0.002411 0.998650
vn -0.051895 0.002411 0.998650
vn -0.605429 0.028132 0.795402
vn -0.605437 0.028132 0.795396
vn -0.605437 0.028132 0.795396
vn -0.605429 0.028132 0.795402
vn -0.605428 0.028132 -0.795403
vn -0.605436 0.028132 -0.795397
vn -0.051896 0.002411 -0.998650
vn -0.051895 0.002411 -0.998650
vn 0.000000 0.000000 -1.000000
vn 0.000000 0.000000 -1.000000
vn -0.605436 0.028132 -0.795397
vn -0.605428 0.028132 -0.795403
vn -0.051895 0.002411 -0.998650
vn -0.051896 0.002411 -0.998650
vn 0.000000 0.000000 1.000000
vn 0.000000 0.000000 1.000000
vn -0.051895 0.002411 0.998650
vn -0.051896 0.002411 0.998650
vn -0.051896 0.002412 0.998650
vn -0.051890 0.002412 0.998650
vn -0.605390 0.028135 0.795432
vn -0.605398 0.028135 0.795426
vn -0.605398 0.028135 0.795426
vn -0.605390 0.028135 0.795432
vn -0.605390 0.028135 -0.795431
vn -0.605398 0.028135 -0.795425
vn -0.051896 0.002412 -0.998650
vn -0.051890 0.002412 -0.998650
vn 0.000000 0.000000 -1.000000
vn 0.000000 0.000000 -1.000000
vn -0.605398 0.028135 -0.795425
vn -0.605390 0.028135 -0.795431
vn -0.051890 0.002412 -0.998650
vn -0.051896 0.002412 -0.998650
vn 0.000000 0.000000 1.000000
vn 0.000000 0.000000 1.000000
vn -0.051890 0.002412 0.998650
vn -0.051896 0.002412 0.998650
vn -0.051896 0.002412 0.998650
vn -0.051895 0.002411 0.998650
vn -0.605432 0.028132 0.795400
vn -0.605440 0.028132 0.795394
vn -0.605440 0.028132 0.795394
vn -0.605432 0.028132 0.795400
vn -0.605434 0.028130 -0.795398
vn -0.605442 0.028131 -0.795392
vn -0.051897 0.002411 -0.998650
vn -0.051895 0.002411 -0.998650
vn 0.000000 0.000000 -1.000000
vn 0.000000 0.000000 -1.000000
vn -0.605442 0.028131 -0.795392
vn -0.605434 0.028130 -0.795398
vn -0.051895 0.002411 -0.998650
vn -0.051897 0.002411 -0.998650
vn 0.000000 0.000000 1.000000
vn 0.000000 0.000000 1.000000
vn -0.051895 0.002411 0.998650
vn -0.051896 0.002412 0.998650
vn -0.051895 0.002411 0.998650
vn -0.051893 0.002411 0.998650
vn -0.605356 0.028125 0.795458
vn -0.605365 0.028126 0.795451
vn -0.605365 0.028126 0.795451
vn -0.605356 0.028125 0.795458
vn -0.605355 0.028125 -0.795458
vn -0.605364 0.028126 -0.795451
vn -0.051895 0.002411 -0.998650
vn -0.051893 0.002411 -0.998650
vn 0.000000 0.000000 -1.000000
vn 0.000000 0.000000 -1.000000
vn -0.605364 0.028126 -0.795451
vn -0.605355 0.028125 -0.795458
vn -0.051893 0.002411 -0.998650
vn -0.051895 0.002411 -0.998650
vn 0.000000 0.000000 1.000000
vn 0.000000 0.000000 1.000000
vn -0.051893 0.002411 0.998650
vn -0.051895 0.002411 0.998650
vn -0.051896 0.002411 0.998650
vn -0.051895 0.002411 0.998650
vn -0.605429 0.028129 0.795402
vn -0.605436 0.028129 0.795397
vn -0.605436 0.028129 0.795397
vn -0.605429 0.028129 0.795402
vn -0.605429 0.028129 -0.795402
vn -0.605436 0.028129 -0.795397
vn -0.051895 0.002411 -0.998650
vn -0.051894 0.002411 -0.998650
vn 0.000000 0.000000 -1.000000
vn 0.000000 0.000000 -1.000000
vn -0.605436 0.028129 -0.795397
vn -0.605429 0.028129 -0.795402
vn -0.051894 0.002411 -0.998650
vn -0.051895 0.002411 -0.998650
vn 0.000000 0.000000 1.000000
vn 0.000000 0.000000 1.000000
vn -0.051895 0.002411 0.998650
vn -0.051896 0.002411 0.998650
vn -0.051893 0.002412 0.998650
vn -0.051893 0.002412 0.998650
vn -0.605383 0.028149 0.795436
vn -0.605401 0.028150 0.795423
vn -0.605401 0.028150 0.795423
vn -0.605383 0.028149 0.795436
vn -0.605384 0.028149 -0.795436
vn -0.605401 0.028150 -0.795422
vn -0.051893 0.002412 -0.998650
vn -0.051893 0.002412 -0.998650
vn 0.000000 0.000000 -1.000000
vn 0.000000 0.000000 -1.000000
vn -0.605401 0.028150 -0.795422
vn -0.605384 0.028149 -0.795436
vn -0.051893 0.002412 -0.998650
vn -0.051893 0.002412 -0.998650
vn 0.000000 0.000000 1.000000
vn 0.000000 0.000000 1.000000
vn -0.051893 0.002412 0.998650
vn -0.051893 0.002412 0.998650
vn -0.051896 0.002413 0.998650
vn -0.051895 0.002413 0.998650
vn -0.605409 0.028139 0.795417
vn -0.605395 0.028138 0.795428
vn -0.605395 0.028138 0.795428
vn -0.605409 0.028139 0.795417
vn -0.605409 0.028139 -0.795417
vn -0.605396 0.028138 -0.795427
vn -0.051896 0.002413 -0.998650
vn -0.051895 0.002413 -0.998650
vn 0.000000 0.000000 -1.000000
vn 0.000000 0.000000 -1.000000
vn -0.605396 0.028138 -0.795427
vn -0.605409 0.028139 -0.795417
vn -0.051895 0.002413 -0.998650
vn -0.051896 0.002413 -0.998650
vn 0.000000 0.000000 1.000000
vn 0.000000 0.000000 1.000000
vn -0.051895 0.002413 0.998650
vn -0.051896 0.002413 0.998650
vn -0.051921 0.002412 0.998648
vn -0.051925 0.002412 0.998648
vn -0.605453 0.028130 0.795384
vn -0.605438 0.028130 0.795395
vn -0.605438 0.028130 0.795395
vn -0.605453 0.028130 0.795384
vn -0.605454 0.028130 -0.795383
vn -0.605439 0.028130 -0.795394
vn -0.051921 0.002412 -0.998648
vn -0.051926 0.002412 -0.998648
vn 0.000000 0.000000 -1.000000
vn 0.000000 0.000000 -1.000000
vn -0.605439 0.028130 -0.795394
vn -0.605454 0.028130 -0.795383
vn -0.051926 0.002412 -0.998648
vn -0.051921 0.002412 -0.998648
vn 0.000000 0.000000 1.000000
vn 0.000000 0.000000 1.000000
vn -0.051925 0.002412 0.998648
vn -0.051921 0.002412 0.998648
vn -0.051921 0.002412 0.998648
vn -0.051925 0.002413 0.998648
vn -0.605379 0.028128 0.795441
vn -0.605366 0.028128 0.795450
vn -0.605366 0.028128 0.795450
vn -0.605379 0.028128 0.795441
vn -0.605279 0.028124 -0.795517
vn -0.605266 0.028123 -0.795526
vn -0.051921 0.002412 -0.998648
vn -0.051925 0.002413 -0.998648
vn -0.000032 0.000001 -1.000000
vn -0.000032 0.000001 -1.000000
vn -0.605266 0.028123 -0.795526
vn -0.605279 0.028124 -0.795517
vn -0.051925 0.002413 -0.998648
vn -0.051921 0.002412 -0.998648
vn 0.000000 0.000000 1.000000
vn 0.000000 0.000000 1.000000
vn -0.051925 0.002413 0.998648
vn -0.051921 0.002412 0.998648
vn -0.051894 0.002411 0.998650
vn -0.051898 0.002411 0.998649
vn -0.605454 0.028132 0.795383
vn -0.605439 0.028131 0.795395
vn -0.605439 0.028131 0.795395
vn -0.605454 0.028132 0.795383
vn -0.605454 0.028133 -0.795383
vn -0.605439 0.028132 -0.795394
vn -0.051894 0.002411 -0.998650
vn -0.051898 0.002411 -0.998649
vn 0.000000 0.000000 -1.000000
vn 0.000000 0.000000 -1.000000
vn -0.605439 0.028132 -0.795394
vn -0.605454 0.028133 -0.795383
vn -0.051898 0.002411 -0.998649
vn -0.051894 0.002411 -0.998650
vn 0.000000 0.000000 1.000000
vn 0.000000 0.000000 1.000000
vn -0.051898 0.002411 0.998649
vn -0.051894 0.002411 0.998650
vn -0.051893 0.002411 0.998650
vn -0.051897 0.002411 0.998650
vn -0.605375 0.028128 0.795443
vn -0.605362 0.028127 0.795453
vn -0.605362 0.028127 0.795453
vn -0.605375 0.028128 0.795443
vn -0.605376 0.028128 -0.795443
vn -0.605362 0.028127 -0.795453
vn -0.051893 0.002411 -0.998650
vn -0.051897 0.002411 -0.998650
vn 0.000000 0.000000 -1.000000
vn 0.000000 0.000000 -1.000000
vn -0.605362 0.028127 -0.795453
vn -0.605376 0.028128 -0.795443
vn -0.051897 0.002411 -0.998650
vn -0.051893 0.002411 -0.998650
vn 0.000000 0.000000 1.000000
vn 0.000000 0.000000 1.000000
vn -0.051897 0.002411 0.998650
vn -0.051893 0.002411 0.998650
vn -0.051896 0.002411 -0.998650
vn -0.605437 0.028133 -0.795396
vn -0.605430 0.028133 -0.795402
vn -0.051894 0.002411 -0.998650
vn -0.605437 0.028133 -0.795396
vn -0.605433 0.028133 0.795399
vn -0.605426 0.028133 0.795404
vn -0.605430 0.028133 -0.795402
vn -0.051895 0.002411 0.998650
vn -0.000001 0.000000 1.000000
vn -0.000001 0.000000 1.000000
vn -0.051893 0.002411 0.998650
vn -0.605433 0.028133 0.795399
vn -0.051895 0.002411 0.998650
vn -0.051893 0.002411 0.998650
vn -0.605426 0.028133 0.795404
vn -0.000001 0.000000 -1.000000
vn -0.051896 0.002411 -0.998650
vn -0.051894 0.002411 -0.998650
vn -0.000001 0.000000 -1.000000
vn -0.051894 0.002411 -0.998650
vn -0.605360 0.028127 -0.795455
vn -0.605350 0.028127 -0.795462
vn -0.051892 0.002411 -0.998650
vn -0.605360 0.028127 -0.795455
vn -0.605360 0.028127 0.795455
vn -0.605350 0.028127 0.795462
vn -0.605350 0.028127 -0.795462
vn -0.051893 0.002411 0.998650
vn 0.000000 0.000000 1.000000
vn 0.000000 0.000000 1.000000
vn -0.051891 0.002411 0.998650
vn -0.605360 0.028127 0.795455
vn -0.051893 0.002411 0.998650
vn -0.051891 0.002411 0.998650
vn -0.605350 0.028127 0.795462
vn -0.000001 0.000000 -1.000000
vn -0.051894 0.002411 -0.998650
vn -0.051892 0.002411 -0.998650
vn -0.000001 0.000000 -1.000000
vn -0.051895 0.002411 -0.998650
vn -0.605437 0.028130 -0.795396
vn -0.605429 0.028130 -0.795402
vn -0.051894 0.002411 -0.998650
vn -0.605437 0.028130 -0.795396
vn -0.605437 0.028130 0.795396
vn -0.605429 0.028130 0.795402
vn -0.605429 0.028130 -0.795402
vn -0.051895 0.002411 0.998650
vn 0.000000 0.000000 1.000000
vn 0.000000 0.000000 1.000000
vn -0.051894 0.002411 0.998650
vn -0.605437 0.028130 0.795396
vn -0.051895 0.002411 0.998650
vn -0.051894 0.002411 0.998650
vn -0.605429 0.028130 0.795402
vn 0.000000 0.000000 -1.000000
vn -0.051895 0.002411 -0.998650
vn -0.051894 0.002411 -0.998650
vn 0.000000 0.000000 -1.000000
vn -0.051893 0.002412 -0.998650
vn -0.605405 0.028146 -0.795420
vn -0.605388 0.028145 -0.795433
vn -0.051891 0.002412 -0.998650
vn -0.605405 0.028146 -0.795420
vn -0.605405 0.028146 0.795420
vn -0.605388 0.028145 0.795433
vn -0.605388 0.028145 -0.795433
vn -0.051894 0.002412 0.998650
vn 0.000000 0.000000 1.000000
vn 0.000000 0.000000 1.000000
vn -0.051892 0.002412 0.998650
vn -0.605405 0.028146 0.795420
vn -0.051894 0.002412 0.998650
vn -0.051892 0.002412 0.998650
vn -0.605388 0.028145 0.795433
vn 0.000001 0.000000 -1.000000
vn -0.051893 0.002412 -0.998650
vn -0.051891 0.002412 -0.998650
vn 0.000001 0.000000 -1.000000
vn -0.051895 0.002411 -0.998650
vn -0.605344 0.028127 -0.795467
vn -0.605337 0.028126 -0.795473
vn -0.051893 0.002411 -0.998650
vn -0.605344 0.028127 -0.795467
vn -0.605441 0.028131 0.795393
vn -0.605434 0.028131 0.795399
vn -0.605337 0.028126 -0.795473
vn -0.051922 0.002412 0.998648
vn 0.000000 0.000000 1.000000
vn 0.000000 0.000000 1.000000
vn -0.051920 0.002412 0.998648
vn -0.605441 0.028131 0.795393
vn -0.051922 0.002412 0.998648
vn -0.051920 0.002412 0.998648
vn -0.605434 0.028131 0.795399
vn 0.000000 0.000000 -1.000000
vn -0.051895 0.002411 -0.998650
vn -0.051893 0.002411 -0.998650
vn 0.000000 0.000000 -1.000000
vn -0.051923 0.002412 -0.998648
vn -0.605437 0.028130 -0.795396
vn -0.605429 0.028130 -0.795402
vn -0.051922 0.002412 -0.998648
vn -0.605437 0.028130 -0.795396
vn -0.605433 0.028130 0.795399
vn -0.605426 0.028130 0.795404
vn -0.605429 0.028130 -0.795402
vn -0.051924 0.002412 0.998648
vn -0.000001 0.000000 1.000000
vn -0.000001 0.000000 1.000000
vn -0.051923 0.002412 0.998648
vn -0.605433 0.028130 0.795399
vn -0.051924 0.002412 0.998648
vn -0.051923 0.002412 0.998648
vn -0.605426 0.028130 0.795404
vn 0.000001 0.000000 -1.000000
vn -0.051923 0.002412 -0.998648
vn -0.051922 0.002412 -0.998648
vn 0.000001 0.000000 -1.000000
vn -0.051923 0.002413 -0.998648
vn -0.605437 0.028132 -0.795396
vn -0.605430 0.028132 -0.795402
vn -0.051922 0.002413 -0.998648
vn -0.605437 0.028132 -0.795396
vn -0.605328 0.028128 0.795479
vn -0.605321 0.028127 0.795484
vn -0.605430 0.028132 -0.795402
vn -0.051894 0.002411 0.998650
vn 0.000000 0.000000 1.000000
vn 0.000000 0.000000 1.000000
vn -0.051893 0.002411 0.998650
vn -0.605328 0.028128 0.795479
vn -0.051894 0.002411 0.998650
vn -0.051893 0.002411 0.998650
vn -0.605321 0.028127 0.795484
vn 0.000001 0.000000 -1.000000
vn -0.051923 0.002413 -0.998648
vn -0.051922 0.002413 -0.998648
vn 0.000001 0.000000 -1.000000
vn -0.051896 0.002411 -0.998650
vn -0.605435 0.028131 -0.795398
vn -0.605428 0.028131 -0.795403
vn -0.051895 0.002411 -0.998650
vn -0.605435 0.028131 -0.795398
vn -0.605439 0.028131 0.795395
vn -0.605432 0.028130 0.795400
vn -0.605428 0.028131 -0.795403
vn -0.051896 0.002411 0.998650
vn 0.000000 0.000000 1.000000
vn 0.000000 0.000000 1.000000
vn -0.051895 0.002411 0.998650
vn -0.605439 0.028131 0.795395
vn -0.051896 0.002411 0.998650
vn -0.051895 0.002411 0.998650
vn -0.605432 0.028130 0.795400
vn -0.000001 0.000000 -1.000000
vn -0.051896 0.002411 -0.998650
vn -0.051895 0.002411 -0.998650
vn -0.000001 0.000000 -1.000000
vn -0.051896 0.002412 -0.998650
vn -0.605395 0.028137 -0.795428
vn -0.605386 0.028136 -0.795434
vn -0.051890 0.002412 -0.998650
vn -0.605395 0.028137 -0.795428
vn -0.605395 0.028137 0.795428
vn -0.605386 0.028136 0.795435
vn -0.605386 0.028136 -0.795434
vn -0.051897 0.002412 0.998650
vn -0.000001 0.000000 1.000000
vn -0.000001 0.000000 1.000000
vn -0.051892 0.002412 0.998650
vn -0.605395 0.028137 0.795428
vn -0.051897 0.002412 0.998650
vn -0.051892 0.002412 0.998650
vn -0.605386 0.028136 0.795435
vn 0.000001 0.000000 -1.000000
vn -0.051896 0.002412 -0.998650
vn -0.051890 0.002412 -0.998650
vn 0.000001 0.000000 -1.000000
vn -0.051896 0.002411 -0.998650
vn -0.605437 0.028132 -0.795396
vn -0.605429 0.028132 -0.795402
vn -0.051895 0.002411 -0.998650
vn -0.605437 0.028132 -0.795396
vn -0.605435 0.028132 0.795397
vn -0.605427 0.028132 0.795403
vn -0.605429 0.028132 -0.795402
vn -0.051896 0.002411 0.998650
vn 0.000000 0.000000 1.000000
vn 0.000000 0.000000 1.000000
vn -0.051895 0.002411 0.998650
vn -0.605435 0.028132 0.795397
vn -0.051896 0.002411 0.998650
vn -0.051895 0.002411 0.998650
vn -0.605427 0.028132 0.795403
vn 0.000000 0.000000 -1.000000
vn -0.051896 0.002411 -0.998650
vn -0.051895 0.002411 -0.998650
vn 0.000000 0.000000 -1.000000
vn -0.051896 0.002412 -0.998650
vn -0.605398 0.028135 -0.795426
vn -0.605390 0.028135 -0.795432
vn -0.051890 0.002412 -0.998650
vn -0.605398 0.028135 -0.795426
vn -0.605398 0.028135 0.795426
vn -0.605390 0.028135 0.795432
vn -0.605390 0.028135 -0.795432
vn -0.051896 0.002412 0.998650
vn 0.000000 0.000000 1.000000
vn 0.000000 0.000000 1.000000
vn -0.051890 0.002412 0.998650
vn -0.605398 0.028135 0.795426
vn -0.051896 0.002412 0.998650
vn -0.051890 0.002412 0.998650
vn -0.605390 0.028135 0.795432
vn 0.000000 0.000000 -1.000000
vn -0.051896 0.002412 -0.998650
vn -0.051890 0.002412 -0.998650
vn 0.000000 0.000000 -1.000000
vn -0.051896 0.002412 -0.998650
vn -0.605440 0.028132 -0.795394
vn -0.605432 0.028132 -0.795400
vn -0.051895 0.002411 -0.998650
vn -0.605440 0.028132 -0.795394
vn -0.605442 0.028131 0.795392
vn -0.605434 0.028131 0.795398
vn -0.605432 0.028132 -0.795400
vn -0.051896 0.002411 0.998650
vn 0.000000 0.000000 1.000000
vn 0.000000 0.000000 1.000000
vn -0.051895 0.002411 0.998650
vn -0.605442 0.028131 0.795392
vn -0.051896 0.002411 0.998650
vn -0.051895 0.002411 0.998650
vn -0.605434 0.028131 0.795398
vn 0.000000 0.000000 -1.000000
vn -0.051896 0.002412 -0.998650
vn -0.051895 0.002411 -0.998650
vn 0.000000 0.000000 -1.000000
vn -0.051895 0.002411 -0.998650
vn -0.605364 0.028126 -0.795451
vn -0.605356 0.028125 -0.795458
vn -0.051893 0.002411 -0.998650
vn -0.605364 0.028126 -0.795451
vn -0.605364 0.028126 0.795451
vn -0.605356 0.028125 0.795458
vn -0.605356 0.028125 -0.795458
vn -0.051895 0.002411 0.998650
vn 0.000000 0.000000 1.000000
vn 0.000000 0.000000 1.000000
vn -0.051893 0.002411 0.998650
vn -0.605364 0.028126 0.795451
vn -0.051895 0.002411 0.998650
vn -0.051893 0.002411 0.998650
vn -0.605356 0.028125 0.795458
vn -0.000001 0.000000 -1.000000
vn -0.051895 0.002411 -0.998650
vn -0.051893 0.002411 -0.998650
vn -0.000001 0.000000 -1.000000
vn -0.051896 0.002411 -0.998650
vn -0.605436 0.028129 -0.795397
vn -0.605430 0.028129 -0.795402
vn -0.051895 0.002411 -0.998650
vn -0.605436 0.028129 -0.795397
vn -0.605437 0.028129 0.795396
vn -0.605430 0.028129 0.795402
vn -0.605430 0.028129 -0.795402
vn -0.051896 0.002411 0.998650
vn 0.000000 0.000000 1.000000
vn 0.000000 0.000000 1.000000
vn -0.051895 0.002411 0.998650
vn -0.605437 0.028129 0.795396
vn -0.051896 0.002411 0.998650
vn -0.051895 0.002411 0.998650
vn -0.605430 0.028129 0.795402
vn -0.000001 0.000000 -1.000000
vn -0.051896 0.002411 -0.998650
vn -0.051895 0.002411 -0.998650
vn -0.000001 0.000000 -1.000000
vn -0.051894 0.002412 -0.998650
vn -0.605401 0.028150 -0.795423
vn -0.605383 0.028149 -0.795436
vn -0.051893 0.002412 -0.998650
vn -0.605401 0.028150 -0.795423
vn -0.605401 0.028150 0.795423
vn -0.605383 0.028149 0.795436
vn -0.605383 0.028149 -0.795436
vn -0.051894 0.002412 0.998650
vn 0.000000 0.000000 1.000000
vn 0.000000 0.000000 1.000000
vn -0.051893 0.002412 0.998650
vn -0.605401 0.028150 0.795423
vn -0.051894 0.002412 0.998650
vn -0.051893 0.002412 0.998650
vn -0.605383 0.028149 0.795436
vn 0.000000 0.000000 -1.000000
vn -0.051894 0.002412 -0.998650
vn -0.051893 0.002412 -0.998650
vn 0.000000 0.000000 -1.000000
vn -0.051896 0.002413 -0.998650
vn -0.605394 0.028138 -0.795429
vn -0.605407 0.028139 -0.795418
vn -0.051895 0.002413 -0.998650
vn -0.605394 0.028138 -0.795429
vn -0.605395 0.028138 0.795427
vn -0.605409 0.028139 0.795417
vn -0.605407 0.028139 -0.795418
vn -0.051896 0.002413 0.998650
vn 0.000001 0.000000 1.000000
vn 0.000001 0.000000 1.000000
vn -0.051895 0.002413 0.998650
vn -0.605395 0.028138 0.795427
vn -0.051896 0.002413 0.998650
vn -0.051895 0.002413 0.998650
vn -0.605409 0.028139 0.795417
vn 0.000000 0.000000 -1.000000
vn -0.051896 0.002413 -0.998650
vn -0.051895 0.002413 -0.998650
vn 0.000000 0.000000 -1.000000
vn -0.051894 0.002411 -0.998650
vn -0.605438 0.028133 -0.795395
vn -0.605453 0.028133 -0.795384
vn -0.051898 0.002411 -0.998649
vn -0.605438 0.028133 -0.795395
vn -0.605439 0.028133 0.795394
vn -0.605454 0.028133 0.795383
vn -0.605453 0.028133 -0.795384
vn -0.051894 0.002411 0.998650
vn 0.000000 0.000000 1.000000
vn 0.000000 0.000000 1.000000
vn -0.051898 0.002411 0.998649
vn -0.605439 0.028133 0.795394
vn -0.051894 0.002411 0.998650
vn -0.051898 0.002411 0.998649
vn -0.605454 0.028133 0.795383
vn 0.000000 0.000000 -1.000000
vn -0.051894 0.002411 -0.998650
vn -0.051898 0.002411 -0.998649
vn 0.000000 0.000000 -1.000000
vn -0.051921 0.002412 -0.998648
vn -0.605265 0.028123 -0.795527
vn -0.605278 0.028124 -0.795518
vn -0.051925 0.002413 -0.998648
vn -0.605265 0.028123 -0.795527
vn -0.605367 0.028128 0.795450
vn -0.605380 0.028128 0.795440
vn -0.605278 0.028124 -0.795518
vn -0.051921 0.002412 0.998648
vn 0.000000 0.000000 1.000000
vn 0.000000 0.000000 1.000000
vn -0.051925 0.002413 0.998648
vn -0.605367 0.028128 0.795450
vn -0.051921 0.002412 0.998648
vn -0.051925 0.002413 0.998648
vn -0.605380 0.028128 0.795440
vn -0.000031 0.000001 -1.000000
vn -0.051921 0.002412 -0.998648
vn -0.051925 0.002413 -0.998648
vn -0.000031 0.000001 -1.000000
vn -0.051921 0.002412 -0.998648
vn -0.605438 0.028133 -0.795395
vn -0.605453 0.028133 -0.795384
vn -0.051925 0.002413 -0.998648
vn -0.605438 0.028133 -0.795395
vn -0.605438 0.028133 0.795395
vn -0.605453 0.028133 0.795384
vn -0.605453 0.028133 -0.795384
vn -0.051921 0.002412 0.998648
vn 0.000000 0.000000 1.000000
vn 0.000000 0.000000 1.000000
vn -0.051925 0.002413 0.998648
vn -0.605438 0.028133 0.795395
vn -0.051921 0.002412 0.998648
vn -0.051925 0.002413 0.998648
vn -0.605453 0.028133 0.795384
vn 0.000000 0.000000 -1.000000
vn -0.051921 0.002412 -0.998648
vn -0.051925 0.002413 -0.998648
vn 0.000000 0.000000 -1.000000
vn -0.051920 0.002412 -0.998648
vn -0.605361 0.028127 -0.795454
vn -0.605375 0.028128 -0.795443
vn -0.051924 0.002413 -0.998648
vn -0.605361 0.028127 -0.795454
vn -0.605261 0.028123 0.795530
vn -0.605275 0.028123 0.795520
vn -0.605375 0.028128 -0.795443
vn -0.051893 0.002411 0.998650
vn 0.000000 0.000000 1.000000
vn 0.000000 0.000000 1.000000
vn -0.051897 0.002411 0.998650
vn -0.605261 0.028123 0.795530
vn -0.051893 0.002411 0.998650
vn -0.051897 0.002411 0.998650
vn -0.605275 0.028123 0.795520
vn 0.000000 0.000000 -1.000000
vn -0.051920 0.002412 -0.998648
vn -0.051924 0.002413 -0.998648
vn 0.000000 0.000000 -1.000000
vn -0.017759 -0.033345 0.999286
vn 0.014512 0.773922 0.633114
vn -0.580400 0.814330 -0.001663
vn -0.998329 0.033318 -0.047221
vn -0.998329 0.033318 -0.047221
vn -0.580400 0.814330 -0.001663
vn 0.035925 0.814324 -0.579298
vn 0.017550 0.033256 -0.999293
vn 0.017550 0.033256 -0.999293
vn 0.035925 0.814324 -0.579298
vn 0.630851 0.773921 0.055446
vn 0.998332 -0.033409 0.047083
vn 0.998332 -0.033409 0.047083
vn 0.630851 0.773921 0.055446
vn 0.014512 0.773922 0.633114
vn -0.017759 -0.033345 0.999286
vn 0.035925 0.814324 -0.579298
vn -0.580400 0.814330 -0.001663
vn 0.014512 0.773922 0.633114
vn 0.630851 0.773921 0.055446
vn -0.017629 -0.033300 0.999290
vn 0.014565 0.773926 0.633109
vn -0.580359 0.814359 -0.001626
vn -0.998331 0.033364 -0.047136
vn -0.998331 0.033364 -0.047136
vn -0.580359 0.814359 -0.001626
vn 0.035936 0.814355 -0.579254
vn 0.017600 0.033301 -0.999290
vn 0.017600 0.033301 -0.999290
vn 0.035936 0.814355 -0.579254
vn 0.630847 0.773918 0.055526
vn 0.998334 -0.033362 0.047076
vn 0.998334 -0.033362 0.047076
vn 0.630847 0.773918 0.055526
vn 0.014565 0.773926 0.633109
vn -0.017629 -0.033300 0.999290
vn 0.035936 0.814355 -0.579254
vn -0.580359 0.814359 -0.001626
vn 0.014565 0.773926 0.633109
vn 0.630847 0.773918 0.055526
vn -0.017537 -0.033311 0.999291
vn 0.014506 0.773868 0.633180
vn -0.580459 0.814288 -0.001634
vn -0.998337 0.033166 -0.047145
vn -0.998337 0.033166 -0.047145
vn -0.580459 0.814288 -0.001634
vn 0.035882 0.814302 -0.579331
vn 0.017685 0.033299 -0.999289
vn 0.017685 0.033299 -0.999289
vn 0.035882 0.814302 -0.579331
vn 0.630898 0.773876 0.055528
vn 0.998340 -0.033171 0.047084
vn 0.998340 -0.033171 0.047084
vn 0.630898 0.773876 0.055528
vn 0.014506 0.773868 0.633180
vn -0.017537 -0.033311 0.999291
vn 0.035882 0.814302 -0.579331
vn -0.580459 0.814288 -0.001634
vn 0.014506 0.773868 0.633180
vn 0.630898 0.773876 0.055528
vn -0.017663 -0.033252 0.999291
vn 0.014542 0.773923 0.633113
vn -0.580360 0.814358 -0.001677
vn -0.998334 0.033408 -0.047048
vn -0.998334 0.033408 -0.047048
vn -0.580360 0.814358 -0.001677
vn 0.035960 0.814353 -0.579255
vn 0.017637 0.033349 -0.999288
vn 0.017637 0.033349 -0.999288
vn 0.035960 0.814353 -0.579255
vn 0.630847 0.773918 0.055523
vn 0.998336 -0.033313 0.047072
vn 0.998336 -0.033313 0.047072
vn 0.630847 0.773918 0.055523
vn 0.014542 0.773923 0.633113
vn -0.017663 -0.033252 0.999291
vn 0.035960 0.814353 -0.579255
vn -0.580360 0.814358 -0.001677
vn 0.014542 0.773923 0.633113
vn 0.630847 0.773918 0.055523
vn -0.017659 -0.033239 0.999291
vn 0.014538 0.773866 0.633183
vn -0.580437 0.814303 -0.001687
vn -0.998334 0.033401 -0.047043
vn -0.998334 0.033401 -0.047043
vn -0.580437 0.814303 -0.001687
vn 0.035956 0.814295 -0.579336
vn 0.017637 0.033329 -0.999289
vn 0.017637 0.033329 -0.999289
vn 0.035956 0.814295 -0.579336
vn 0.630920 0.773858 0.055524
vn 0.998336 -0.033313 0.047076
vn 0.998336 -0.033313 0.047076
vn 0.630920 0.773858 0.055524
vn 0.014538 0.773866 0.633183
vn -0.017659 -0.033239 0.999291
vn 0.035956 0.814295 -0.579336
vn -0.580437 0.814303 -0.001687
vn 0.014538 0.773866 0.633183
vn 0.630920 0.773858 0.055524
vn -0.017654 -0.033355 0.999288
vn 0.014540 0.773928 0.633106
vn -0.580353 0.814363 -0.001682
vn -0.998335 0.033361 -0.047052
vn -0.998335 0.033361 -0.047052
vn -0.580353 0.814363 -0.001682
vn 0.035957 0.814354 -0.579253
vn 0.017632 0.033342 -0.999289
vn 0.017632 0.033342 -0.999289
vn 0.035957 0.814354 -0.579253
vn 0.630849 0.773916 0.055528
vn 0.998334 -0.033376 0.047078
vn 0.998334 -0.033376 0.047078
vn 0.630849 0.773916 0.055528
vn 0.014540 0.773928 0.633106
vn -0.017654 -0.033355 0.999288
vn 0.035957 0.814354 -0.579253
vn -0.580353 0.814363 -0.001682
vn 0.014540 0.773928 0.633106
vn 0.630849 0.773916 0.055528
vn -0.017581 -0.033394 0.999288
vn 0.014489 0.773871 0.633177
vn -0.580459 0.814288 -0.001686
vn -0.998342 0.033163 -0.047053
vn -0.998342 0.033163 -0.047053
vn -0.580459 0.814288 -0.001686
vn 0.035907 0.814301 -0.579332
vn 0.017724 0.033300 -0.999288
vn 0.017724 0.033300 -0.999288
vn 0.035907 0.814301 -0.579332
vn 0.630889 0.773884 0.055524
vn 0.998337 -0.033253 0.047083
vn 0.998337 -0.033253 0.047083
vn 0.630889 0.773884 0.055524
vn 0.014489 0.773871 0.633177
vn -0.017581 -0.033394 0.999288
vn 0.035907 0.814301 -0.579332
vn -0.580459 0.814288 -0.001686
vn 0.014489 0.773871 0.633177
vn 0.630889 0.773884 0.055524
vn -0.017709 -0.033389 0.999286
vn 0.014521 0.773920 0.633116
vn -0.580363 0.814356 -0.001631
vn -0.998331 0.033350 -0.047144
vn -0.998331 0.033350 -0.047144
vn -0.580363 0.814356 -0.001631
vn 0.035980 0.814362 -0.579241
vn 0.017669 0.033376 -0.999287
vn 0.017669 0.033376 -0.999287
vn 0.035980 0.814362 -0.579241
vn 0.630842 0.773921 0.055531
vn 0.998334 -0.033362 0.047084
vn 0.998334 -0.033362 0.047084
vn 0.630842 0.773921 0.055531
vn 0.014521 0.773920 0.633116
vn -0.017709 -0.033389 0.999286
vn 0.035980 0.814362 -0.579241
vn -0.580363 0.814356 -0.001631
vn 0.014521 0.773920 0.633116
vn 0.630842 0.773921 0.055531
vn -0.017619 -0.033370 0.999288
vn 0.014533 0.773903 0.633138
vn -0.580428 0.814310 -0.001640
vn -0.998333 0.033376 -0.047088
vn -0.998333 0.033376 -0.047088
vn -0.580428 0.814310 -0.001640
vn 0.035948 0.814319 -0.579304
vn 0.017678 0.033361 -0.999287
vn 0.017678 0.033361 -0.999287
vn 0.035948 0.814319 -0.579304
vn 0.630863 0.773910 0.055463
vn 0.998327 -0.033387 0.047216
vn 0.998327 -0.033387 0.047216
vn 0.630863 0.773910 0.055463
vn 0.014533 0.773903 0.633138
vn -0.017619 -0.033370 0.999288
vn 0.035948 0.814319 -0.579304
vn -0.580428 0.814310 -0.001640
vn 0.014533 0.773903 0.633138
vn 0.630863 0.773910 0.055463
vn -0.017578 -0.033365 0.999289
vn 0.014486 0.773919 0.633119
vn -0.580382 0.814343 -0.001650
vn -0.998334 0.033214 -0.047186
vn -0.998334 0.033214 -0.047186
vn -0.580382 0.814343 -0.001650
vn 0.035957 0.814372 -0.579228
vn 0.017631 0.033349 -0.999288
vn 0.017631 0.033349 -0.999288
vn 0.035957 0.814372 -0.579228
vn 0.630818 0.773944 0.055498
vn 0.998332 -0.033228 0.047205
vn 0.998332 -0.033228 0.047205
vn 0.630818 0.773944 0.055498
vn 0.014486 0.773919 0.633119
vn -0.017578 -0.033365 0.999289
vn 0.035957 0.814372 -0.579228
vn -0.580382 0.814343 -0.001650
vn 0.014486 0.773919 0.633119
vn 0.630818 0.773944 0.055498
vn -0.017758 -0.033341 -0.999286
vn -0.998329 0.033318 0.047222
vn -0.580400 0.814330 0.001663
vn 0.014512 0.773924 -0.633113
vn -0.998329 0.033318 0.047222
vn 0.017550 0.033251 0.999293
vn 0.035925 0.814323 0.579300
vn -0.580400 0.814330 0.001663
vn 0.017550 0.033251 0.999293
vn 0.998332 -0.033410 -0.047082
vn 0.630851 0.773920 -0.055446
vn 0.035925 0.814323 0.579300
vn 0.998332 -0.033410 -0.047082
vn -0.017758 -0.033341 -0.999286
vn 0.014512 0.773924 -0.633113
vn 0.630851 0.773920 -0.055446
vn 0.035925 0.814323 0.579300
vn 0.630851 0.773920 -0.055446
vn 0.014512 0.773924 -0.633113
vn -0.580400 0.814330 0.001663
vn -0.017630 -0.033301 -0.999290
vn -0.998331 0.033363 0.047137
vn -0.580359 0.814359 0.001626
vn 0.014565 0.773926 -0.633109
vn -0.998331 0.033363 0.047137
vn 0.017599 0.033305 0.999290
vn 0.035936 0.814355 0.579253
vn -0.580359 0.814359 0.001626
vn 0.017599 0.033305 0.999290
vn 0.998334 -0.033358 -0.047077
vn 0.630845 0.773919 -0.055526
vn 0.035936 0.814355 0.579253
vn 0.998334 -0.033358 -0.047077
vn -0.017630 -0.033301 -0.999290
vn 0.014565 0.773926 -0.633109
vn 0.630845 0.773919 -0.055526
vn 0.035936 0.814355 0.579253
vn 0.630845 0.773919 -0.055526
vn 0.014565 0.773926 -0.633109
vn -0.580359 0.814359 0.001626
vn -0.017535 -0.033308 -0.999291
vn -0.998337 0.033169 0.047144
vn -0.580458 0.814289 0.001633
vn 0.014507 0.773869 -0.633180
vn -0.998337 0.033169 0.047144
vn 0.017684 0.033302 0.999289
vn 0.035881 0.814303 0.579330
vn -0.580458 0.814289 0.001633
vn 0.017684 0.033302 0.999289
vn 0.998340 -0.033168 -0.047084
vn 0.630896 0.773878 -0.055528
vn 0.035881 0.814303 0.579330
vn 0.998340 -0.033168 -0.047084
vn -0.017535 -0.033308 -0.999291
vn 0.014507 0.773869 -0.633180
vn 0.630896 0.773878 -0.055528
vn 0.035881 0.814303 0.579330
vn 0.630896 0.773878 -0.055528
vn 0.014507 0.773869 -0.633180
vn -0.580458 0.814289 0.001633
vn -0.017664 -0.033252 -0.999291
vn -0.998334 0.033409 0.047048
vn -0.580360 0.814359 0.001677
vn 0.014541 0.773923 -0.633113
vn -0.998334 0.033409 0.047048
vn 0.017638 0.033351 0.999288
vn 0.035960 0.814353 0.579255
vn -0.580360 0.814359 0.001677
vn 0.017638 0.033351 0.999288
vn 0.998336 -0.033312 -0.047071
vn 0.630847 0.773918 -0.055523
vn 0.035960 0.814353 0.579255
vn 0.998336 -0.033312 -0.047071
vn -0.017664 -0.033252 -0.999291
vn 0.014541 0.773923 -0.633113
vn 0.630847 0.773918 -0.055523
vn 0.035960 0.814353 0.579255
vn 0.630847 0.773918 -0.055523
vn 0.014541 0.773923 -0.633113
vn -0.580360 0.814359 0.001677
vn -0.017658 -0.033238 -0.999291
vn -0.998334 0.033403 0.047043
vn -0.580436 0.814304 0.001686
vn 0.014538 0.773866 -0.633183
vn -0.998334 0.033403 0.047043
vn 0.017636 0.033330 0.999289
vn 0.035956 0.814296 0.579336
vn -0.580436 0.814304 0.001686
vn 0.017636 0.033330 0.999289
vn 0.998336 -0.033313 -0.047076
vn 0.630920 0.773858 -0.055524
vn 0.035956 0.814296 0.579336
vn 0.998336 -0.033313 -0.047076
vn -0.017658 -0.033238 -0.999291
vn 0.014538 0.773866 -0.633183
vn 0.630920 0.773858 -0.055524
vn 0.035956 0.814296 0.579336
vn 0.630920 0.773858 -0.055524
vn 0.014538 0.773866 -0.633183
vn -0.580436 0.814304 0.001686
vn -0.017654 -0.033356 -0.999288
vn -0.998335 0.033362 0.047051
vn -0.580353 0.814363 0.001681
vn 0.014540 0.773928 -0.633107
vn -0.998335 0.033362 0.047051
vn 0.017632 0.033346 0.999288
vn 0.035957 0.814355 0.579252
vn -0.580353 0.814363 0.001681
vn 0.017632 0.033346 0.999288
vn 0.998334 -0.033373 -0.047079
vn 0.630848 0.773917 -0.055529
vn 0.035957 0.814355 0.579252
vn 0.998334 -0.033373 -0.047079
vn -0.017654 -0.033356 -0.999288
vn 0.014540 0.773928 -0.633107
vn 0.630848 0.773917 -0.055529
vn 0.035957 0.814355 0.579252
vn 0.630848 0.773917 -0.055529
vn 0.014540 0.773928 -0.633107
vn -0.580353 0.814363 0.001681
vn -0.017581 -0.033390 -0.999288
vn -0.998342 0.033167 0.047053
vn -0.580458 0.814289 0.001686
vn 0.014489 0.773872 -0.633176
vn -0.998342 0.033167 0.047053
vn 0.017724 0.033296 0.999288
vn 0.035907 0.814300 0.579333
vn -0.580458 0.814289 0.001686
vn 0.017724 0.033296 0.999288
vn 0.998337 -0.033258 -0.047083
vn 0.630890 0.773883 -0.055524
vn 0.035907 0.814300 0.579333
vn 0.998337 -0.033258 -0.047083
vn -0.017581 -0.033390 -0.999288
vn 0.014489 0.773872 -0.633176
vn 0.630890 0.773883 -0.055524
vn 0.035907 0.814300 0.579333
vn 0.630890 0.773883 -0.055524
vn 0.014489 0.773872 -0.633176
vn -0.580458 0.814289 0.001686
vn -0.017708 -0.033391 -0.999285
vn -0.998331 0.033351 0.047144
vn -0.580363 0.814357 0.001631
vn 0.014521 0.773920 -0.633117
vn -0.998331 0.033351 0.047144
vn 0.017669 0.033379 0.999287
vn 0.035980 0.814362 0.579241
vn -0.580363 0.814357 0.001631
vn 0.017669 0.033379 0.999287
vn 0.998334 -0.033363 -0.047084
vn 0.630843 0.773921 -0.055531
vn 0.035980 0.814362 0.579241
vn 0.998334 -0.033363 -0.047084
vn -0.017708 -0.033391 -0.999285
vn 0.014521 0.773920 -0.633117
vn 0.630843 0.773921 -0.055531
vn 0.035980 0.814362 0.579241
vn 0.630843 0.773921 -0.055531
vn 0.014521 0.773920 -0.633117
vn -0.580363 0.814357 0.001631
vn -0.017618 -0.033368 -0.999288
vn -0.998333 0.033368 0.047088
vn -0.580431 0.814308 0.001641
vn 0.014533 0.773903 -0.633137
vn -0.998333 0.033368 0.047088
vn 0.017678 0.033358 0.999287
vn 0.035947 0.814318 0.579305
vn -0.580431 0.814308 0.001641
vn 0.017678 0.033358 0.999287
vn 0.998327 -0.033380 -0.047217
vn 0.630861 0.773911 -0.055463
vn 0.035947 0.814318 0.579305
vn 0.998327 -0.033380 -0.047217
vn -0.017618 -0.033368 -0.999288
vn 0.014533 0.773903 -0.633137
vn 0.630861 0.773911 -0.055463
vn 0.035947 0.814318 0.579305
vn 0.630861 0.773911 -0.055463
vn 0.014533 0.773903 -0.633137
vn -0.580431 0.814308 0.001641
vn -0.017579 -0.033365 -0.999289
vn -0.998334 0.033216 0.047186
vn -0.580381 0.814343 0.001650
vn 0.014485 0.773919 -0.633119
vn -0.998334 0.033216 0.047186
vn 0.017631 0.033342 0.999289
vn 0.035958 0.814370 0.579230
vn -0.580381 0.814343 0.001650
vn 0.017631 0.033342 0.999289
vn 0.998332 -0.033238 -0.047204
vn 0.630821 0.773941 -0.055498
vn 0.035958 0.814370 0.579230
vn 0.998332 -0.033238 -0.047204
vn -0.017579 -0.033365 -0.999289
vn 0.014485 0.773919 -0.633119
vn 0.630821 0.773941 -0.055498
vn 0.035958 0.814370 0.579230
vn 0.630821 0.773941 -0.055498
vn 0.014485 0.773919 -0.633119
vn -0.580381 0.814343 0.001650
vn -0.615716 -0.007182 0.787936
vn -0.389798 0.735570 0.554070
vn -0.531121 0.745144 0.403326
vn -0.826187 0.007134 0.563350
vn -0.826187 0.007134 0.563350
vn -0.531121 0.745144 0.403326
vn 0.436863 0.745163 -0.503869
vn 0.615679 0.007114 -0.787965
vn 0.615679 0.007114 -0.787965
vn 0.436863 0.745163 -0.503869
vn 0.578159 0.735564 -0.353096
vn 0.826157 -0.007201 -0.563394
vn 0.826157 -0.007201 -0.563394
vn 0.578159 0.735564 -0.353096
vn -0.389798 0.735570 0.554070
vn -0.615716 -0.007182 0.787936
vn 0.436863 0.745163 -0.503869
vn -0.531121 0.745144 0.403326
vn -0.389798 0.735570 0.554070
vn 0.578159 0.735564 -0.353096
vn -0.615705 -0.007126 0.787945
vn -0.389782 0.735583 0.554064
vn -0.531085 0.745197 0.403275
vn -0.826176 0.007191 0.563366
vn -0.826176 0.007191 0.563366
vn -0.531085 0.745197 0.403275
vn 0.436855 0.745168 -0.503868
vn 0.615673 0.007172 -0.787969
vn 0.615673 0.007172 -0.787969
vn 0.436855 0.745168 -0.503868
vn 0.578153 0.735576 -0.353083
vn 0.826164 -0.007146 -0.563385
vn 0.826164 -0.007146 -0.563385
vn 0.578153 0.735576 -0.353083
vn -0.389782 0.735583 0.554064
vn -0.615705 -0.007126 0.787945
vn 0.436855 0.745168 -0.503868
vn -0.531085 0.745197 0.403275
vn -0.389782 0.735583 0.554064
vn 0.578153 0.735576 -0.353083
vn -0.615709 -0.007151 0.787941
vn -0.389793 0.735569 0.554075
vn -0.531102 0.745164 0.403313
vn -0.826189 0.007155 0.563348
vn -0.826189 0.007155 0.563348
vn -0.531102 0.745164 0.403313
vn 0.436857 0.745165 -0.503870
vn 0.615669 0.007056 -0.787974
vn 0.615669 0.007056 -0.787974
vn 0.436857 0.745165 -0.503870
vn 0.578157 0.735558 -0.353113
vn 0.826171 -0.007251 -0.563373
vn 0.826171 -0.007251 -0.563373
vn 0.578157 0.735558 -0.353113
vn -0.389793 0.735569 0.554075
vn -0.615709 -0.007151 0.787941
vn 0.436857 0.745165 -0.503870
vn -0.531102 0.745164 0.403313
vn -0.389793 0.735569 0.554075
vn 0.578157 0.735558 -0.353113
vn -0.615719 -0.007095 0.787934
vn -0.389844 0.735511 0.554117
vn -0.531145 0.745118 0.403342
vn -0.826185 0.007215 0.563352
vn -0.826185 0.007215 0.563352
vn -0.531145 0.745118 0.403342
vn 0.436885 0.745136 -0.503888
vn 0.615689 0.007264 -0.787956
vn 0.615689 0.007264 -0.787956
vn 0.436885 0.745136 -0.503888
vn 0.578192 0.735528 -0.353119
vn 0.826160 -0.007046 -0.563392
vn 0.826160 -0.007046 -0.563392
vn 0.578192 0.735528 -0.353119
vn -0.389844 0.735511 0.554117
vn -0.615719 -0.007095 0.787934
vn 0.436885 0.745136 -0.503888
vn -0.531145 0.745118 0.403342
vn -0.389844 0.735511 0.554117
vn 0.578192 0.735528 -0.353119
vn -0.615693 -0.007173 0.787953
vn -0.389833 0.735542 0.554082
vn -0.531103 0.745177 0.403288
vn -0.826177 0.007112 0.563366
vn -0.826177 0.007112 0.563366
vn -0.531103 0.745177 0.403288
vn 0.436836 0.745186 -0.503858
vn 0.615700 0.007142 -0.787948
vn 0.615700 0.007142 -0.787948
vn 0.436836 0.745186 -0.503858
vn 0.578162 0.735553 -0.353115
vn 0.826177 -0.007143 -0.563366
vn 0.826177 -0.007143 -0.563366
vn 0.578162 0.735553 -0.353115
vn -0.389833 0.735542 0.554082
vn -0.615693 -0.007173 0.787953
vn 0.436836 0.745186 -0.503858
vn -0.531103 0.745177 0.403288
vn -0.389833 0.735542 0.554082
vn 0.578162 0.735553 -0.353115
vn -0.615721 -0.007071 0.787933
vn -0.389821 0.735547 0.554086
vn -0.531098 0.745171 0.403306
vn -0.826190 0.007222 0.563346
vn -0.826190 0.007222 0.563346
vn -0.531098 0.745171 0.403306
vn 0.436890 0.745130 -0.503894
vn 0.615689 0.007173 -0.787957
vn 0.615689 0.007173 -0.787957
vn 0.436890 0.745130 -0.503894
vn 0.578193 0.735530 -0.353113
vn 0.826163 -0.007120 -0.563387
vn 0.826163 -0.007120 -0.563387
vn 0.578193 0.735530 -0.353113
vn -0.389821 0.735547 0.554086
vn -0.615721 -0.007071 0.787933
vn 0.436890 0.745130 -0.503894
vn -0.531098 0.745171 0.403306
vn -0.389821 0.735547 0.554086
vn 0.578193 0.735530 -0.353113
vn -0.615686 -0.007176 0.787959
vn -0.389825 0.735542 0.554089
vn -0.531105 0.745174 0.403290
vn -0.826177 0.007124 0.563366
vn -0.826177 0.007124 0.563366
vn -0.531105 0.745174 0.403290
vn 0.436812 0.745213 -0.503838
vn 0.615694 0.007243 -0.787952
vn 0.615694 0.007243 -0.787952
vn 0.436812 0.745213 -0.503838
vn 0.578130 0.735601 -0.353069
vn 0.826164 -0.007055 -0.563385
vn 0.826164 -0.007055 -0.563385
vn 0.578130 0.735601 -0.353069
vn -0.389825 0.735542 0.554089
vn -0.615686 -0.007176 0.787959
vn 0.436812 0.745213 -0.503838
vn -0.531105 0.745174 0.403290
vn -0.389825 0.735542 0.554089
vn 0.578130 0.735601 -0.353069
vn -0.615716 -0.007273 0.787935
vn -0.389812 0.735547 0.554091
vn -0.531101 0.745164 0.403314
vn -0.826191 0.007024 0.563347
vn -0.826191 0.007024 0.563347
vn -0.531101 0.745164 0.403314
vn 0.436857 0.745171 -0.503861
vn 0.615675 0.007024 -0.787969
vn 0.615675 0.007024 -0.787969
vn 0.436857 0.745171 -0.503861
vn 0.578152 0.735563 -0.353111
vn 0.826171 -0.007274 -0.563373
vn 0.826171 -0.007274 -0.563373
vn 0.578152 0.735563 -0.353111
vn -0.389812 0.735547 0.554091
vn -0.615716 -0.007273 0.787935
vn 0.436857 0.745171 -0.503861
vn -0.531101 0.745164 0.403314
vn -0.389812 0.735547 0.554091
vn 0.578152 0.735563 -0.353111
vn -0.615713 -0.007113 0.787938
vn -0.389807 0.735558 0.554080
vn -0.531118 0.745146 0.403325
vn -0.826186 0.007202 0.563352
vn -0.826186 0.007202 0.563352
vn -0.531118 0.745146 0.403325
vn 0.436878 0.745142 -0.503886
vn 0.615682 0.007182 -0.787962
vn 0.615682 0.007182 -0.787962
vn 0.436878 0.745142 -0.503886
vn 0.578189 0.735530 -0.353118
vn 0.826158 -0.007132 -0.563393
vn 0.826158 -0.007132 -0.563393
vn 0.578189 0.735530 -0.353118
vn -0.389807 0.735558 0.554080
vn -0.615713 -0.007113 0.787938
vn 0.436878 0.745142 -0.503886
vn -0.531118 0.745146 0.403325
vn -0.389807 0.735558 0.554080
vn 0.578189 0.735530 -0.353118
vn -0.615709 -0.007193 0.787941
vn -0.389794 0.735569 0.554074
vn -0.531077 0.745196 0.403286
vn -0.826168 0.007105 0.563379
vn -0.826168 0.007105 0.563379
vn -0.531077 0.745196 0.403286
vn 0.436856 0.745196 -0.503826
vn 0.615699 0.007106 -0.787949
vn 0.615699 0.007106 -0.787949
vn 0.436856 0.745196 -0.503826
vn 0.578134 0.735593 -0.353079
vn 0.826185 -0.007193 -0.563353
vn 0.826185 -0.007193 -0.563353
vn 0.578134 0.735593 -0.353079
vn -0.389794 0.735569 0.554074
vn -0.615709 -0.007193 0.787941
vn 0.436856 0.745196 -0.503826
vn -0.531077 0.745196 0.403286
vn -0.389794 0.735569 0.554074
vn 0.578134 0.735593 -0.353079
vn -0.615715 -0.007179 -0.787936
vn -0.826187 0.007137 -0.563351
vn -0.531120 0.745145 -0.403325
vn -0.389797 0.735571 -0.554070
vn -0.826187 0.007137 -0.563351
vn 0.615679 0.007113 0.787965
vn 0.436863 0.745163 0.503868
vn -0.531120 0.745145 -0.403325
vn 0.615679 0.007113 0.787965
vn 0.826157 -0.007203 0.563394
vn 0.578160 0.735565 0.353095
vn 0.436863 0.745163 0.503868
vn 0.826157 -0.007203 0.563394
vn -0.615715 -0.007179 -0.787936
vn -0.389797 0.735571 -0.554070
vn 0.578160 0.735565 0.353095
vn 0.436863 0.745163 0.503868
vn 0.578160 0.735565 0.353095
vn -0.389797 0.735571 -0.554070
vn -0.531120 0.745145 -0.403325
vn -0.615705 -0.007124 -0.787945
vn -0.826176 0.007194 -0.563366
vn -0.531084 0.745198 -0.403274
vn -0.389782 0.735584 -0.554063
vn -0.826176 0.007194 -0.563366
vn 0.615673 0.007172 0.787969
vn 0.436855 0.745168 0.503868
vn -0.531084 0.745198 -0.403274
vn 0.615673 0.007172 0.787969
vn 0.826163 -0.007147 0.563385
vn 0.578153 0.735576 0.353083
vn 0.436855 0.745168 0.503868
vn 0.826163 -0.007147 0.563385
vn -0.615705 -0.007124 -0.787945
vn -0.389782 0.735584 -0.554063
vn 0.578153 0.735576 0.353083
vn 0.436855 0.745168 0.503868
vn 0.578153 0.735576 0.353083
vn -0.389782 0.735584 -0.554063
vn -0.531084 0.745198 -0.403274
vn -0.615709 -0.007148 -0.787941
vn -0.826189 0.007156 -0.563348
vn -0.531102 0.745165 -0.403312
vn -0.389793 0.735570 -0.554074
vn -0.826189 0.007156 -0.563348
vn 0.615668 0.007058 0.787974
vn 0.436856 0.745166 0.503869
vn -0.531102 0.745165 -0.403312
vn 0.615668 0.007058 0.787974
vn 0.826171 -0.007247 0.563373
vn 0.578156 0.735560 0.353112
vn 0.436856 0.745166 0.503869
vn 0.826171 -0.007247 0.563373
vn -0.615709 -0.007148 -0.787941
vn -0.389793 0.735570 -0.554074
vn 0.578156 0.735560 0.353112
vn 0.436856 0.745166 0.503869
vn 0.578156 0.735560 0.353112
vn -0.389793 0.735570 -0.554074
vn -0.531102 0.745165 -0.403312
vn -0.615719 -0.007090 -0.787934
vn -0.826185 0.007220 -0.563353
vn -0.531142 0.745121 -0.403340
vn -0.389842 0.735514 -0.554114
vn -0.826185 0.007220 -0.563353
vn 0.615689 0.007269 0.787956
vn 0.436883 0.745139 0.503886
vn -0.531142 0.745121 -0.403340
vn 0.615689 0.007269 0.787956
vn 0.826160 -0.007040 0.563392
vn 0.578189 0.735531 0.353117
vn 0.436883 0.745139 0.503886
vn 0.826160 -0.007040 0.563392
vn -0.615719 -0.007090 -0.787934
vn -0.389842 0.735514 -0.554114
vn 0.578189 0.735531 0.353117
vn 0.436883 0.745139 0.503886
vn 0.578189 0.735531 0.353117
vn -0.389842 0.735514 -0.554114
vn -0.531142 0.745121 -0.403340
vn -0.615693 -0.007172 -0.787953
vn -0.826177 0.007113 -0.563366
vn -0.531102 0.745178 -0.403288
vn -0.389833 0.735543 -0.554081
vn -0.826177 0.007113 -0.563366
vn 0.615700 0.007146 0.787948
vn 0.436835 0.745187 0.503856
vn -0.531102 0.745178 -0.403288
vn 0.615700 0.007146 0.787948
vn 0.826177 -0.007139 0.563365
vn 0.578161 0.735555 0.353113
vn 0.436835 0.745187 0.503856
vn 0.826177 -0.007139 0.563365
vn -0.615693 -0.007172 -0.787953
vn -0.389833 0.735543 -0.554081
vn 0.578161 0.735555 0.353113
vn 0.436835 0.745187 0.503856
vn 0.578161 0.735555 0.353113
vn -0.389833 0.735543 -0.554081
vn -0.531102 0.745178 -0.403288
vn -0.615721 -0.007072 -0.787933
vn -0.826190 0.007220 -0.563346
vn -0.531099 0.745169 -0.403307
vn -0.389822 0.735545 -0.554088
vn -0.826190 0.007220 -0.563346
vn 0.615688 0.007176 0.787957
vn 0.436890 0.745129 0.503894
vn -0.531099 0.745169 -0.403307
vn 0.615688 0.007176 0.787957
vn 0.826162 -0.007116 0.563387
vn 0.578193 0.735530 0.353114
vn 0.436890 0.745129 0.503894
vn 0.826162 -0.007116 0.563387
vn -0.615721 -0.007072 -0.787933
vn -0.389822 0.735545 -0.554088
vn 0.578193 0.735530 0.353114
vn 0.436890 0.745129 0.503894
vn 0.578193 0.735530 0.353114
vn -0.389822 0.735545 -0.554088
vn -0.531099 0.745169 -0.403307
vn -0.615686 -0.007178 -0.787959
vn -0.826177 0.007124 -0.563366
vn -0.531103 0.745177 -0.403288
vn -0.389824 0.735543 -0.554088
vn -0.826177 0.007124 -0.563366
vn 0.615694 0.007236 0.787952
vn 0.436812 0.745213 0.503838
vn -0.531103 0.745177 -0.403288
vn 0.615694 0.007236 0.787952
vn 0.826164 -0.007065 0.563385
vn 0.578130 0.735600 0.353069
vn 0.436812 0.745213 0.503838
vn 0.826164 -0.007065 0.563385
vn -0.615686 -0.007178 -0.787959
vn -0.389824 0.735543 -0.554088
vn 0.578130 0.735600 0.353069
vn 0.436812 0.745213 0.503838
vn 0.578130 0.735600 0.353069
vn -0.389824 0.735543 -0.554088
vn -0.531103 0.745177 -0.403288
vn -0.615716 -0.007265 -0.787935
vn -0.826191 0.007034 -0.563346
vn -0.531100 0.745165 -0.403314
vn -0.389812 0.735547 -0.554091
vn -0.826191 0.007034 -0.563346
vn 0.615675 0.007026 0.787969
vn 0.436859 0.745169 0.503863
vn -0.531100 0.745165 -0.403314
vn 0.615675 0.007026 0.787969
vn 0.826171 -0.007274 0.563373
vn 0.578155 0.735560 0.353113
vn 0.436859 0.745169 0.503863
vn 0.826171 -0.007274 0.563373
vn -0.615716 -0.007265 -0.787935
vn -0.389812 0.735547 -0.554091
vn 0.578155 0.735560 0.353113
vn 0.436859 0.745169 0.503863
vn 0.578155 0.735560 0.353113
vn -0.389812 0.735547 -0.554091
vn -0.531100 0.745165 -0.403314
vn -0.615713 -0.007108 -0.787938
vn -0.826185 0.007207 -0.563352
vn -0.531115 0.745149 -0.403323
vn -0.389804 0.735562 -0.554077
vn -0.826185 0.007207 -0.563352
vn 0.615681 0.007173 0.787963
vn 0.436878 0.745142 0.503887
vn -0.531115 0.745149 -0.403323
vn 0.615681 0.007173 0.787963
vn 0.826158 -0.007141 0.563393
vn 0.578190 0.735530 0.353119
vn 0.436878 0.745142 0.503887
vn 0.826158 -0.007141 0.563393
vn -0.615713 -0.007108 -0.787938
vn -0.389804 0.735562 -0.554077
vn 0.578190 0.735530 0.353119
vn 0.436878 0.745142 0.503887
vn 0.578190 0.735530 0.353119
vn -0.389804 0.735562 -0.554077
vn -0.531115 0.745149 -0.403323
vn -0.615709 -0.007186 -0.787941
vn -0.826168 0.007112 -0.563378
vn -0.531077 0.745197 -0.403286
vn -0.389794 0.735570 -0.554073
vn -0.826168 0.007112 -0.563378
vn 0.615699 0.007113 0.787949
vn 0.436855 0.745196 0.503826
vn -0.531077 0.745197 -0.403286
vn 0.615699 0.007113 0.787949
vn 0.826185 -0.007187 0.563353
vn 0.578133 0.735593 0.353080
vn 0.436855 0.745196 0.503826
vn 0.826185 -0.007187 0.563353
vn -0.615709 -0.007186 -0.787941
vn -0.389794 0.735570 -0.554073
vn 0.578133 0.735593 0.353080
vn 0.436855 0.745196 0.503826
vn 0.578133 0.735593 0.353080
vn -0.389794 0.735570 -0.554073
vn -0.531077 0.745197 -0.403286
vn 0.745966 0.016364 0.665783
vn 0.054802 -0.996465 -0.063667
vn 0.063787 -0.986787 0.148938
vn 0.082235 0.012596 -0.996533
vn -0.028203 0.998730 -0.041745
vn 0.028295 0.963405 -0.266554
vn 0.063787 -0.986787 0.148938
vn 0.067773 -0.955294 -0.287784
vn 0.000688 -0.969362 -0.245637
vn 0.047307 -0.914196 -0.402502
vn 0.036314 -0.912618 0.407198
vn 0.067773 -0.955294 -0.287784
vn 0.028295 0.963405 -0.266554
vn 0.004869 0.966131 -0.258007
vn 0.000688 -0.969362 -0.245637
vn 0.047307 -0.914196 -0.402502
vn 0.050796 0.917485 -0.394513
vn 0.038015 0.909661 0.413608
vn 0.036314 -0.912618 0.407198
vn 0.026527 -0.999641 -0.003915
vn 0.080195 0.012619 -0.996699
vn 0.067773 -0.955294 -0.287784
vn -0.015563 0.997482 -0.069190
vn 0.747485 0.016010 0.664085
vn 0.021105 0.988050 0.152683
vn 0.080195 0.012619 -0.996699
vn 0.082235 0.012596 -0.996533
vn 0.028295 0.963405 -0.266554
vn 0.067773 -0.955294 -0.287784
vn 0.054802 -0.996465 -0.063667
vn 0.026527 -0.999641 -0.003915
vn 0.067773 -0.955294 -0.287784
vn 0.063787 -0.986787 0.148938
vn 0.747485 0.016010 0.664085
vn 0.745966 0.016364 0.665783
vn 0.063787 -0.986787 0.148938
vn 0.021105 0.988050 0.152683
vn 0.028295 0.963405 -0.266554
vn 0.021105 0.988050 0.152683
vn 0.038015 0.909661 0.413608
vn 0.050796 0.917485 -0.394513
vn 0.004869 0.966131 -0.258007
vn 0.021105 0.988050 0.152683
vn 0.063787 -0.986787 0.148938
vn 0.036314 -0.912618 0.407198
vn 0.038015 0.909661 0.413608
vn -0.028203 0.998730 -0.041745
vn -0.015563 0.997482 -0.069190
vn 0.021105 0.988050 0.152683
vn 0.028295 0.963405 -0.266554
vn 0.080195 0.012619 -0.996699
vn 0.026527 -0.999641 -0.003915
vn 0.016732 -0.999720 0.016731
vn -0.707006 0.016623 -0.707012
vn 0.026527 -0.999641 -0.003915
vn 0.054802 -0.996465 -0.063667
vn 0.016732 -0.999720 0.016731
vn 0.016732 -0.999720 0.016731
vn 0.082235 0.012596 -0.996533
vn 0.080195 0.012619 -0.996699
vn -0.707006 0.016623 -0.707012
vn -0.707006 0.016623 -0.707012
vn 0.745966 0.016364 0.665783
vn 0.747485 0.016010 0.664085
vn 0.706884 0.025139 0.706883
vn 0.706884 0.025139 0.706883
vn -0.028203 0.998730 -0.041745
vn 0.082235 0.012596 -0.996533
vn -0.707006 0.016623 -0.707012
vn -0.032466 0.998945 -0.032467
vn -0.015563 0.997482 -0.069190
vn -0.028203 0.998730 -0.041745
vn -0.032466 0.998945 -0.032467
vn -0.032466 0.998945 -0.032467
vn 0.054802 -0.996465 -0.063667
vn 0.745966 0.016364 0.665783
vn 0.706884 0.025139 0.706883
vn 0.016732 -0.999720 0.016731
vn 0.747485 0.016010 0.664085
vn -0.015563 0.997482 -0.069190
vn -0.032466 0.998945 -0.032467
vn 0.706884 0.025139 0.706883
vn -0.075504 -0.996400 0.038546
vn -0.050212 -0.998399 -0.026044
vn -0.096243 -0.990152 -0.101668
vn -0.088579 -0.995040 -0.045273
vn -0.077457 -0.992989 0.089294
vn -0.054101 -0.997790 0.038584
vn -0.028762 -0.999566 0.006346
vn -0.029641 -0.999545 0.005655
vn -0.036550 -0.999328 0.002685
vn -0.044447 -0.999002 0.004371
vn -0.051774 -0.998374 -0.023873
vn -0.060518 -0.997526 -0.035762
vn -0.061274 -0.998103 -0.006035
vn -0.061726 -0.998093 0.000015
vn -0.050212 -0.998399 -0.026044
vn -0.041339 -0.999145 -0.000134
vn -0.050212 -0.998059 0.036829
vn -0.009437 -0.999759 -0.019839
vn -0.044447 -0.999002 0.004371
vn -0.061274 -0.998103 -0.006035
vn -0.050212 -0.998399 -0.026044
vn -0.051774 -0.998374 -0.023873
vn -0.040167 -0.999018 -0.018719
vn -0.068129 -0.997092 0.034155
vn -0.054101 -0.997790 0.038584
vn -0.041749 -0.998916 0.020577
vn -0.068129 -0.997092 0.034155
vn -0.062409 -0.998031 0.006286
vn -0.084264 -0.995262 0.048503
vn -0.054101 -0.997790 0.038584
vn -0.061726 -0.998093 0.000015
vn -0.041339 -0.999145 -0.000134
vn -0.030007 -0.999550 0.000005
vn -0.028982 -0.999565 -0.005451
vn -0.036563 -0.999327 -0.002856
vn -0.031300 -0.999510 -0.000001
vn -0.029641 -0.999545 0.005655
vn -0.030007 -0.999550 0.000005
vn -0.031300 -0.999510 -0.000001
vn -0.036550 -0.999328 0.002685
vn -0.028982 -0.999565 -0.005451
vn -0.027184 -0.999617 -0.005151
vn -0.044461 -0.999002 -0.004333
vn -0.036563 -0.999327 -0.002856
vn 0.014162 -0.997814 0.064558
vn -0.008274 -0.999722 0.022098
vn -0.027184 -0.999617 -0.005151
vn -0.036550 -0.999328 0.002685
vn -0.031300 -0.999510 -0.000001
vn -0.032019 -0.999487 -0.000091
vn -0.042392 -0.999084 -0.005813
vn -0.044447 -0.999002 0.004371
vn -0.009437 -0.999759 -0.019839
vn -0.028762 -0.999566 0.006346
vn -0.036563 -0.999327 -0.002856
vn -0.044461 -0.999002 -0.004333
vn -0.062409 -0.998031 0.006286
vn -0.043378 -0.999039 0.006261
vn -0.044447 -0.999002 0.004371
vn -0.036550 -0.999328 0.002685
vn -0.042392 -0.999084 -0.005813
vn -0.061274 -0.998103 -0.006035
vn -0.044461 -0.999002 -0.004333
vn -0.008274 -0.999722 0.022098
vn -0.049893 -0.998093 -0.036359
vn -0.062409 -0.998031 0.006286
vn -0.031300 -0.999510 -0.000001
vn -0.036563 -0.999327 -0.002856
vn -0.043378 -0.999039 0.006261
vn -0.032019 -0.999487 -0.000091
vn 0.095399 -0.971354 0.217646
vn 0.080060 -0.996790 0.000003
vn 0.233028 -0.836682 0.495642
vn 0.095657 -0.971235 -0.218066
vn 0.233028 -0.836681 -0.495643
vn 0.080060 -0.996790 0.000003
vn 0.000688 -0.969362 -0.245637
vn 0.004869 0.966131 -0.258007
vn 0.050796 0.917485 -0.394513
vn 0.047307 -0.914196 -0.402502
s off
g Mesh
usemtl UDIM1SG
f 3/1/1 2/2/2 1/3/3
f 1/3/4 4/4/5 3/1/6
f 5/5/7 6/6/8 13/7/9 14/8/10
f 6/6/11 9/9/12 13/7/13
f 7/10/14 11/11/15 18/12/16
f 18/12/17 22/13/18 15/14/19 19/15/20
f 13/7/21 9/9/22 21/16/23
f 14/8/24 12/17/25 5/5/26
f 15/18/27 16/19/28 20/20/29 19/21/30
f 22/13/31 21/16/32 16/19/33 15/14/34
f 11/11/35 12/17/36 22/13/37 18/12/38
f 12/17/39 14/8/40 22/13/41
f 10/22/42 8/23/43 17/24/44
f 14/8/45 13/7/46 21/16/47 22/13/48
f 21/16/49 17/24/50 20/20/51 16/19/52
f 8/23/53 7/25/54 18/26/55 17/24/56
f 9/9/57 10/22/58 17/24/59 21/16/60
f 17/24/61 18/26/62 19/27/63 20/20/64
f 23/28/65 32/29/66 31/30/67 24/31/68
f 24/31/69 31/30/70 27/32/71
f 25/33/72 36/34/73 29/35/74
f 36/34/75 37/36/76 33/37/77 40/38/78
f 31/30/79 39/39/80 27/32/81
f 32/29/82 23/28/83 30/40/84
f 33/41/85 37/42/86 38/43/87 34/44/88
f 40/38/89 33/37/90 34/44/91 39/39/92
f 29/35/93 36/34/94 40/38/95 30/40/96
f 30/40/97 40/38/98 32/29/99
f 28/45/100 35/46/101 26/47/102
f 32/29/103 40/38/104 39/39/105 31/30/106
f 39/39/107 34/44/108 38/43/109 35/46/110
f 26/47/111 35/46/112 36/48/113 25/49/114
f 27/32/115 39/39/116 35/46/117 28/45/118
f 35/46/119 38/43/120 37/50/121 36/48/122
f 41/51/123 1/3/124 2/2/125 42/52/126
f 41/51/127 42/52/128 43/53/129 112/54/130
f 43/53/131 124/55/132 61/56/133 59/57/134
f 42/52/135 2/2/136 45/58/137
f 42/52/138 45/58/139 46/59/140 44/60/141
f 45/58/142 2/2/143 3/1/144 47/61/145
f 45/58/146 47/61/147 49/62/148 48/63/149
f 48/63/150 49/62/151 50/64/152
f 50/64/153 49/62/154 51/65/155 52/66/156
f 48/63/157 50/64/158 52/66/159 53/67/160
f 48/63/161 53/67/162 55/68/163 54/69/164
f 54/69/165 55/68/166 46/59/167 45/58/168
f 45/58/169 48/63/170 54/69/171
f 53/67/172 52/66/173 57/70/174
f 57/70/175 52/66/176 51/65/177 56/71/178
f 46/59/179 55/68/180 57/70/181
f 46/59/182 57/70/183 60/72/184 44/60/185
f 60/72/186 57/70/187 56/71/188 58/73/189
f 53/67/190 57/70/191 55/68/192
f 122/74/193 126/75/194 125/76/195 115/77/196
f 58/73/197 62/78/198 61/56/199 60/72/200
usemtl UDIM2SG
f 138/79/201 137/80/202 136/81/203 139/82/204
usemtl UDIM1SG
f 47/61/205 3/1/206 63/83/207
f 63/83/208 3/1/209 64/84/210
f 49/62/211 47/61/212 63/83/213 65/85/214
f 65/85/215 63/83/216 64/84/217 66/86/218
f 65/85/219 66/86/220 68/87/221 67/88/222
f 65/85/223 67/88/224 77/89/225 70/90/226
f 49/62/227 65/85/228 70/90/229 69/91/230
f 51/65/231 49/62/232 69/91/233 71/92/234
f 56/71/235 51/65/236 71/92/237 72/93/238
f 58/73/239 56/71/240 72/93/241 96/94/242
f 67/88/243 68/87/244 74/95/245 73/96/246
f 73/96/247 74/95/248 76/97/249 75/98/250
f 73/96/251 78/99/252 77/89/253 67/88/254
f 73/96/255 75/98/256 79/100/257 78/99/258
usemtl UDIM2SG
f 78/101/259 79/102/260 81/103/261 80/104/262
f 78/101/263 80/104/264 82/105/265 77/106/266
f 83/107/267 77/106/268 82/105/269
f 69/108/270 70/109/271 83/107/272 85/110/273
f 85/110/274 83/107/275 84/111/276
f 71/112/277 69/108/278 85/110/279 153/113/280
f 89/114/281 85/110/282 84/111/283 86/115/284
f 96/116/285 72/117/286 87/118/287 88/119/288
f 72/117/289 71/112/290 153/113/291 87/118/292
f 87/118/293 153/113/294 89/114/295 90/120/296
f 90/120/297 89/114/298 86/115/299
f 88/119/300 87/118/301 90/120/302
f 92/121/303 90/120/304 91/122/305 93/123/306
usemtl UDIM1SG
f 58/124/307 94/125/308 95/126/309 62/127/310
f 58/124/311 96/128/312 97/129/313 94/125/314
f 94/125/315 98/130/316 99/131/317 95/126/318
f 62/127/319 95/126/320 101/132/321
f 100/133/322 102/134/323 103/135/324 101/132/325
f 102/134/326 109/136/327 104/137/328 103/135/329
f 98/130/330 105/138/331 99/131/332
f 105/138/333 106/139/334 100/133/335 99/131/336
f 106/139/337 108/140/338 102/134/339 100/133/340
f 108/140/341 110/141/342 109/136/343 102/134/344
f 59/57/345 61/56/346 62/78/347 101/142/348
f 103/143/349 107/144/350 59/57/351 101/142/352
f 104/145/353 107/144/354 103/143/355
f 107/144/356 111/146/357 43/53/358 59/57/359
f 107/144/360 104/145/361 114/147/362 111/146/363
f 111/146/364 113/148/365 112/54/366 43/53/367
f 111/146/368 114/147/369 122/74/370 113/148/371
f 94/125/372 97/129/373 116/149/374 98/130/375
f 98/130/376 116/149/377 117/150/378 105/138/379
f 105/138/380 117/150/381 118/151/382 106/139/383
f 106/139/384 118/151/385 142/152/386 108/140/387
f 108/140/388 142/152/389 119/153/390 110/141/391
f 110/141/392 119/153/393 120/154/394 109/136/395
f 109/136/396 120/154/397 121/155/398 104/137/399
f 104/145/400 123/156/401 114/147/402
f 104/145/403 121/157/404 135/158/405 123/156/406
f 60/72/407 61/56/408 124/55/409 44/60/410
f 122/74/411 115/77/412 113/148/413
f 42/52/414 44/60/415 124/55/416
f 126/75/417 151/159/418 152/160/419 125/76/420
f 42/52/421 124/55/422 43/53/423
f 122/74/424 130/161/425 127/162/426 126/75/427
f 114/147/428 134/163/429 130/161/430 122/74/431
f 134/164/432 128/165/433 129/166/434 130/167/435
f 129/166/436 128/165/437 131/168/438 132/169/439
f 127/170/440 130/167/441 129/166/442 132/171/443
f 131/172/444 128/165/445 134/164/446 133/173/447
f 131/168/448 133/174/449 127/175/450 132/169/451
f 123/156/452 133/176/453 134/163/454 114/147/455
f 123/156/456 126/75/457 127/162/458 133/176/459
f 123/156/460 135/158/461 151/159/462 126/75/463
usemtl UDIM2SG
f 97/177/464 136/81/465 137/80/466 116/178/467
f 96/179/468 88/180/469 136/81/470 97/177/471
f 137/80/472 117/181/473 116/178/474
f 136/81/475 88/180/476 1115/182/477
f 92/121/478 1114/183/479 1115/184/480 88/119/481
f 118/185/482 117/181/483 137/80/484 138/79/485
f 139/82/486 141/186/487 140/187/488 138/79/489
f 142/188/490 118/185/491 138/79/492 140/187/493
f 142/188/494 140/187/495 120/189/496 119/190/497
f 120/189/498 140/187/499 141/186/500 121/191/501
f 139/82/502 143/192/503 144/193/504 141/186/505
f 141/186/506 144/193/507 121/191/508
f 93/123/509 1109/194/510 1114/183/511 92/121/512
f 145/195/513 146/196/514 148/197/515 147/198/516
f 143/199/517 145/195/518 147/198/519 1110/200/520
f 147/198/521 148/197/522 150/201/523 149/202/524
f 144/203/525 1110/200/526 149/202/527 121/204/528
f 149/202/529 151/205/530 135/206/531
f 149/202/532 1111/207/533 152/208/534 151/205/535
usemtl UDIM1SG
f 95/126/536 99/131/537 100/133/538 101/132/539
usemtl UDIM2SG
f 153/113/540 85/110/541 89/114/542
f 91/122/543 90/120/544 86/115/545
f 92/121/546 88/119/547 90/120/548
usemtl UDIM1SG
f 81/209/549 79/100/550 75/98/551 76/97/552
f 41/51/553 154/210/554 4/4/555 1/3/556
f 41/51/557 112/54/558 155/211/559 154/210/560
f 155/211/561 171/212/562 173/213/563 220/214/564
f 154/210/565 157/215/566 4/4/567
f 154/210/568 156/216/569 158/217/570 157/215/571
f 157/215/572 159/218/573 3/1/574 4/4/575
f 157/215/576 160/219/577 161/220/578 159/218/579
f 160/219/580 162/221/581 161/220/582
f 162/221/583 164/222/584 163/223/585 161/220/586
f 160/219/587 165/224/588 164/222/589 162/221/590
f 160/219/591 166/225/592 167/226/593 165/224/594
f 166/225/595 157/215/596 158/217/597 167/226/598
f 157/215/599 166/225/600 160/219/601
f 165/224/602 169/227/603 164/222/604
f 169/227/605 168/228/606 163/223/607 164/222/608
f 158/217/609 169/227/610 167/226/611
f 158/217/612 156/216/613 172/229/614 169/227/615
f 172/229/616 170/230/617 168/228/618 169/227/619
f 165/224/620 167/226/621 169/227/622
f 218/231/623 115/77/624 125/76/625 221/232/626
f 170/230/627 172/229/628 173/213/629 174/233/630
usemtl UDIM2SG
f 233/234/631 234/235/632 231/236/633 232/237/634
usemtl UDIM1SG
f 159/218/635 175/238/636 3/1/637
f 175/238/638 64/84/639 3/1/640
f 161/220/641 176/239/642 175/238/643 159/218/644
f 176/239/645 66/86/646 64/84/647 175/238/648
f 176/239/649 177/240/650 68/87/651 66/86/652
f 176/239/653 179/241/654 184/242/655 177/240/656
f 161/220/657 178/243/658 179/241/659 176/239/660
f 163/223/661 180/244/662 178/243/663 161/220/664
f 168/228/665 181/245/666 180/244/667 163/223/668
f 170/230/669 195/246/670 181/245/671 168/228/672
f 177/240/673 182/247/674 74/95/675 68/87/676
f 182/247/677 183/248/678 76/97/679 74/95/680
f 182/247/681 177/240/682 184/242/683 185/249/684
f 182/247/685 185/249/686 186/250/687 183/248/688
usemtl UDIM2SG
f 185/251/689 80/104/690 81/103/691 186/252/692
f 185/251/693 184/253/694 82/105/695 80/104/696
f 184/253/697 83/107/698 82/105/699
f 178/254/700 187/255/701 83/107/702 179/256/703
f 187/255/704 84/111/705 83/107/706
f 180/257/707 244/258/708 187/255/709 178/254/710
f 190/259/711 86/115/712 84/111/713 187/255/714
f 195/260/715 189/261/716 188/262/717 181/263/718
f 181/263/719 188/262/720 244/258/721 180/257/722
f 188/262/723 191/264/724 190/259/725 244/258/726
f 191/264/727 86/115/728 190/259/729
f 189/261/730 191/264/731 188/262/732
f 192/265/733 93/123/734 91/122/735 191/264/736
usemtl UDIM1SG
f 170/266/737 174/267/738 194/268/739 193/269/740
f 170/266/741 193/269/742 196/270/743 195/271/744
f 193/269/745 194/268/746 198/272/747 197/273/748
f 174/267/749 200/274/750 194/268/751
f 199/275/752 200/274/753 202/276/754 201/277/755
f 201/277/756 202/276/757 203/278/758 208/279/759
f 197/273/760 198/272/761 204/280/762
f 204/280/763 198/272/764 199/275/765 205/281/766
f 205/281/767 199/275/768 201/277/769 207/282/770
f 207/282/771 201/277/772 208/279/773 209/283/774
f 171/212/775 200/284/776 174/233/777 173/213/778
f 202/285/779 200/284/780 171/212/781 206/286/782
f 203/287/783 202/285/784 206/286/785
f 206/286/786 171/212/787 155/211/788 210/288/789
f 206/286/790 210/288/791 211/289/792 203/287/793
f 210/288/794 155/211/795 112/54/796 113/148/797
f 210/288/798 113/148/799 218/231/800 211/289/801
f 193/269/802 197/273/803 212/290/804 196/270/805
f 197/273/806 204/280/807 213/291/808 212/290/809
f 204/280/810 205/281/811 214/292/812 213/291/813
f 205/281/814 207/282/815 237/293/816 214/292/817
f 207/282/818 209/283/819 215/294/820 237/293/821
f 209/283/822 208/279/823 216/295/824 215/294/825
f 208/279/826 203/278/827 217/296/828 216/295/829
f 203/287/830 211/289/831 219/297/832
f 203/287/833 219/297/834 230/298/835 217/299/836
f 172/229/837 156/216/838 220/214/839 173/213/840
f 218/231/841 113/148/842 115/77/843
f 154/210/844 220/214/845 156/216/846
f 221/232/847 125/76/848 152/160/849 243/300/850
f 154/210/851 155/211/852 220/214/853
f 218/231/854 221/232/855 222/301/856 225/302/857
f 211/289/858 218/231/859 225/302/860 229/303/861
f 229/304/862 225/305/863 224/306/864 223/307/865
f 224/306/866 227/308/867 226/309/868 223/307/869
f 222/310/870 227/311/871 224/306/872 225/305/873
f 226/312/874 228/313/875 229/304/876 223/307/877
f 226/309/878 227/308/879 222/314/880 228/315/881
f 219/297/882 211/289/883 229/303/884 228/316/885
f 219/297/886 228/316/887 222/301/888 221/232/889
f 219/297/890 221/232/891 243/300/892 230/298/893
usemtl UDIM2SG
f 196/317/894 212/318/895 232/237/896 231/236/897
f 195/319/898 196/317/899 231/236/900 189/320/901
f 232/237/902 212/318/903 213/321/904
f 231/236/905 1119/322/906 1112/323/907
f 192/265/908 189/261/909 1112/324/910 1116/325/911
f 214/326/912 233/234/913 232/237/914 213/321/915
f 234/235/916 233/234/917 235/327/918 236/328/919
f 237/329/920 235/327/921 233/234/922 214/326/923
f 237/329/924 215/330/925 216/331/926 235/327/927
f 216/331/928 217/332/929 236/328/930 235/327/931
f 234/235/932 236/328/933 239/333/934 238/334/935
f 236/328/936 217/332/937 239/333/938
f 93/123/939 192/265/940 1116/325/941 1109/194/942
f 240/335/943 241/336/944 148/197/945 146/196/946
f 238/337/947 1113/338/948 241/336/949 240/335/950
f 241/336/951 242/339/952 150/201/953 148/197/954
f 239/340/955 217/341/956 242/339/957 1113/338/958
f 230/342/959 243/343/960 242/339/961
f 242/339/962 243/343/963 152/208/964 1111/207/965
usemtl UDIM1SG
f 194/268/966 200/274/967 199/275/968 198/272/969
usemtl UDIM2SG
f 244/258/970 190/259/971 187/255/972
f 91/122/973 86/115/974 191/264/975
f 192/265/976 191/264/977 189/261/978
usemtl UDIM1SG
f 81/209/979 76/97/980 183/248/981 186/250/982
f 252/344/983 251/345/984 246/346/985 245/347/986
f 248/348/987 249/349/988 250/350/989 247/351/990
f 251/345/991 252/344/992 250/350/993 249/349/994
f 258/352/995 249/349/996 248/348/997 257/353/998
f 256/354/999 247/355/1000 250/356/1001 261/357/1002
f 255/358/1003 246/346/1004 251/345/1005 260/359/1006
f 262/360/1007 252/361/1008 263/362/1009
f 260/359/1010 251/345/1011 259/363/1012
f 263/362/1013 252/361/1014 245/364/1015 254/365/1016
f 261/357/1017 250/356/1018 252/361/1019 262/360/1020
f 259/363/1021 251/345/1022 249/349/1023 258/352/1024
f 257/353/1025 248/348/1026 247/355/1027 256/354/1028
f 255/358/1029 254/366/1030 253/367/1031 264/368/1032
f 245/369/1033 246/346/1034 264/368/1035 253/367/1036
f 254/365/1037 245/364/1038 253/370/1039
f 246/346/1040 255/358/1041 264/368/1042
usemtl UDIM2SG
f 272/371/1043 265/372/1044 266/373/1045 271/374/1046
f 268/375/1047 267/376/1048 270/377/1049 269/378/1050
f 271/374/1051 269/378/1052 270/377/1053 272/371/1054
f 278/379/1055 277/380/1056 268/375/1057 269/378/1058
f 276/381/1059 281/382/1060 270/383/1061 267/384/1062
f 275/385/1063 280/386/1064 271/374/1065 266/373/1066
f 282/387/1067 283/388/1068 272/389/1069
f 280/386/1070 279/390/1071 271/374/1072
f 283/388/1073 274/391/1074 265/392/1075 272/389/1076
f 281/382/1077 282/387/1078 272/389/1079 270/383/1080
f 279/390/1081 278/379/1082 269/378/1083 271/374/1084
f 277/380/1085 276/381/1086 267/384/1087 268/375/1088
f 275/385/1089 284/393/1090 273/394/1091 274/395/1092
f 265/396/1093 273/394/1094 284/393/1095 266/373/1096
f 274/391/1097 273/397/1098 265/392/1099
f 266/373/1100 284/393/1101 275/385/1102
f 293/398/1103 294/399/1104 288/400/1105 287/401/1106
f 287/401/1107 288/400/1108 292/402/1109 291/403/1110
f 295/404/1111 296/405/1112 290/406/1113 289/407/1114
f 291/403/1115 292/402/1116 296/405/1117 295/404/1118
f 285/408/1119 286/409/1120 294/399/1121 293/398/1122
f 305/410/1123 306/411/1124 300/412/1125 299/413/1126
f 299/413/1127 300/412/1128 304/414/1129 303/415/1130
f 307/416/1131 308/417/1132 302/418/1133 301/419/1134
f 303/415/1135 304/414/1136 308/417/1137 307/416/1138
f 297/420/1139 298/421/1140 306/411/1141 305/410/1142
f 317/422/1143 318/423/1144 312/424/1145 311/425/1146
f 311/425/1147 312/424/1148 316/426/1149 315/427/1150
f 319/428/1151 320/429/1152 314/430/1153 313/431/1154
f 315/427/1155 316/426/1156 320/429/1157 319/428/1158
f 309/432/1159 310/433/1160 318/423/1161 317/422/1162
f 329/434/1163 330/435/1164 324/436/1165 323/437/1166
f 323/437/1167 324/436/1168 328/438/1169 327/439/1170
f 331/440/1171 332/441/1172 326/442/1173 325/443/1174
f 327/439/1175 328/438/1176 332/441/1177 331/440/1178
f 321/444/1179 322/445/1180 330/435/1181 329/434/1182
f 341/446/1183 342/447/1184 336/448/1185 335/449/1186
f 335/449/1187 336/448/1188 340/450/1189 339/451/1190
f 343/452/1191 344/453/1192 338/454/1193 337/455/1194
f 339/451/1195 340/450/1196 344/453/1197 343/452/1198
f 333/456/1199 334/457/1200 342/447/1201 341/446/1202
f 353/458/1203 354/459/1204 348/460/1205 347/461/1206
f 347/461/1207 348/460/1208 352/462/1209 351/463/1210
f 355/464/1211 356/465/1212 350/466/1213 349/467/1214
f 351/463/1215 352/462/1216 356/465/1217 355/464/1218
f 345/468/1219 346/469/1220 354/459/1221 353/458/1222
f 365/470/1223 366/471/1224 360/472/1225 359/473/1226
f 359/473/1227 360/472/1228 364/474/1229 363/475/1230
f 367/476/1231 368/477/1232 362/478/1233 361/479/1234
f 363/475/1235 364/474/1236 368/477/1237 367/476/1238
f 357/480/1239 358/481/1240 366/471/1241 365/470/1242
f 377/482/1243 378/483/1244 372/484/1245 371/485/1246
f 371/485/1247 372/484/1248 376/486/1249 375/487/1250
f 379/488/1251 380/489/1252 374/490/1253 373/491/1254
f 375/487/1255 376/486/1256 380/489/1257 379/488/1258
f 369/492/1259 370/493/1260 378/483/1261 377/482/1262
f 389/494/1263 390/495/1264 384/496/1265 383/497/1266
f 383/497/1267 384/496/1268 388/498/1269 387/499/1270
f 391/500/1271 392/501/1272 386/502/1273 385/503/1274
f 387/499/1275 388/498/1276 392/501/1277 391/500/1278
f 381/504/1279 382/505/1280 390/495/1281 389/494/1282
f 401/506/1283 402/507/1284 396/508/1285 395/509/1286
f 395/509/1287 396/508/1288 400/510/1289 399/511/1290
f 403/512/1291 404/513/1292 398/514/1293 397/515/1294
f 399/511/1295 400/510/1296 404/513/1297 403/512/1298
f 393/516/1299 394/517/1300 402/507/1301 401/506/1302
f 413/518/1303 414/519/1304 408/520/1305 407/521/1306
f 407/521/1307 408/520/1308 412/522/1309 411/523/1310
f 415/524/1311 416/525/1312 410/526/1313 409/527/1314
f 411/523/1315 412/522/1316 416/525/1317 415/524/1318
f 405/528/1319 406/529/1320 414/519/1321 413/518/1322
f 425/530/1323 426/531/1324 420/532/1325 419/533/1326
f 419/533/1327 420/532/1328 424/534/1329 423/535/1330
f 427/536/1331 428/537/1332 422/538/1333 421/539/1334
f 423/535/1335 424/534/1336 428/537/1337 427/536/1338
f 417/540/1339 418/541/1340 426/531/1341 425/530/1342
f 437/542/1343 438/543/1344 432/544/1345 431/545/1346
f 431/545/1347 432/544/1348 436/546/1349 435/547/1350
f 439/548/1351 440/549/1352 434/550/1353 433/551/1354
f 435/547/1355 436/546/1356 440/549/1357 439/548/1358
f 429/552/1359 430/553/1360 438/543/1361 437/542/1362
f 449/554/1363 450/555/1364 444/556/1365 443/557/1366
f 443/557/1367 444/556/1368 448/558/1369 447/559/1370
f 451/560/1371 452/561/1372 446/562/1373 445/563/1374
f 447/559/1375 448/558/1376 452/561/1377 451/560/1378
f 441/564/1379 442/565/1380 450/555/1381 449/554/1382
f 461/566/1383 462/567/1384 456/568/1385 455/569/1386
f 455/569/1387 456/568/1388 460/570/1389 459/571/1390
f 463/572/1391 464/573/1392 458/574/1393 457/575/1394
f 459/571/1395 460/570/1396 464/573/1397 463/572/1398
f 453/576/1399 454/577/1400 462/567/1401 461/566/1402
f 473/578/1403 474/579/1404 468/580/1405 467/581/1406
f 467/581/1407 468/580/1408 472/582/1409 471/583/1410
f 475/584/1411 476/585/1412 470/586/1413 469/587/1414
f 471/583/1415 472/582/1416 476/585/1417 475/584/1418
f 465/588/1419 466/589/1420 474/579/1421 473/578/1422
f 485/590/1423 486/591/1424 480/592/1425 479/593/1426
f 479/593/1427 480/592/1428 484/594/1429 483/595/1430
f 487/596/1431 488/597/1432 482/598/1433 481/599/1434
f 483/595/1435 484/594/1436 488/597/1437 487/596/1438
f 477/600/1439 478/601/1440 486/591/1441 485/590/1442
f 497/602/1443 498/603/1444 492/604/1445 491/605/1446
f 491/605/1447 492/604/1448 496/606/1449 495/607/1450
f 499/608/1451 500/609/1452 494/610/1453 493/611/1454
f 495/607/1455 496/606/1456 500/609/1457 499/608/1458
f 489/612/1459 490/613/1460 498/603/1461 497/602/1462
f 509/614/1463 510/615/1464 504/616/1465 503/617/1466
f 503/617/1467 504/616/1468 508/618/1469 507/619/1470
f 511/620/1471 512/621/1472 506/622/1473 505/623/1474
f 507/619/1475 508/618/1476 512/621/1477 511/620/1478
f 501/624/1479 502/625/1480 510/615/1481 509/614/1482
f 521/626/1483 522/627/1484 516/628/1485 515/629/1486
f 515/629/1487 516/628/1488 520/630/1489 519/631/1490
f 523/632/1491 524/633/1492 518/634/1493 517/635/1494
f 519/631/1495 520/630/1496 524/633/1497 523/632/1498
f 513/636/1499 514/637/1500 522/627/1501 521/626/1502
f 533/638/1503 527/639/1504 528/640/1505 534/641/1506
f 527/639/1507 531/642/1508 532/643/1509 528/640/1510
f 535/644/1511 529/645/1512 530/646/1513 536/647/1514
f 531/642/1515 535/644/1516 536/647/1517 532/643/1518
f 525/648/1519 533/638/1520 534/641/1521 526/649/1522
f 545/650/1523 539/651/1524 540/652/1525 546/653/1526
f 539/651/1527 543/654/1528 544/655/1529 540/652/1530
f 547/656/1531 541/657/1532 542/658/1533 548/659/1534
f 543/654/1535 547/656/1536 548/659/1537 544/655/1538
f 537/660/1539 545/650/1540 546/653/1541 538/661/1542
f 557/662/1543 551/663/1544 552/664/1545 558/665/1546
f 551/663/1547 555/666/1548 556/667/1549 552/664/1550
f 559/668/1551 553/669/1552 554/670/1553 560/671/1554
f 555/666/1555 559/668/1556 560/671/1557 556/667/1558
f 549/672/1559 557/662/1560 558/665/1561 550/673/1562
f 569/674/1563 563/675/1564 564/676/1565 570/677/1566
f 563/675/1567 567/678/1568 568/679/1569 564/676/1570
f 571/680/1571 565/681/1572 566/682/1573 572/683/1574
f 567/678/1575 571/680/1576 572/683/1577 568/679/1578
f 561/684/1579 569/674/1580 570/677/1581 562/685/1582
f 581/686/1583 575/687/1584 576/688/1585 582/689/1586
f 575/687/1587 579/690/1588 580/691/1589 576/688/1590
f 583/692/1591 577/693/1592 578/694/1593 584/695/1594
f 579/690/1595 583/692/1596 584/695/1597 580/691/1598
f 573/696/1599 581/686/1600 582/689/1601 574/697/1602
f 593/698/1603 587/699/1604 588/700/1605 594/701/1606
f 587/699/1607 591/702/1608 592/703/1609 588/700/1610
f 595/704/1611 589/705/1612 590/706/1613 596/707/1614
f 591/702/1615 595/704/1616 596/707/1617 592/703/1618
f 585/708/1619 593/698/1620 594/701/1621 586/709/1622
f 605/710/1623 599/711/1624 600/712/1625 606/713/1626
f 599/711/1627 603/714/1628 604/715/1629 600/712/1630
f 607/716/1631 601/717/1632 602/718/1633 608/719/1634
f 603/714/1635 607/716/1636 608/719/1637 604/715/1638
f 597/720/1639 605/710/1640 606/713/1641 598/721/1642
f 617/722/1643 611/723/1644 612/724/1645 618/725/1646
f 611/723/1647 615/726/1648 616/727/1649 612/724/1650
f 619/728/1651 613/729/1652 614/730/1653 620/731/1654
f 615/726/1655 619/728/1656 620/731/1657 616/727/1658
f 609/732/1659 617/722/1660 618/725/1661 610/733/1662
f 629/734/1663 623/735/1664 624/736/1665 630/737/1666
f 623/735/1667 627/738/1668 628/739/1669 624/736/1670
f 631/740/1671 625/741/1672 626/742/1673 632/743/1674
f 627/738/1675 631/740/1676 632/743/1677 628/739/1678
f 621/744/1679 629/734/1680 630/737/1681 622/745/1682
f 641/746/1683 635/747/1684 636/748/1685 642/749/1686
f 635/747/1687 639/750/1688 640/751/1689 636/748/1690
f 643/752/1691 637/753/1692 638/754/1693 644/755/1694
f 639/750/1695 643/752/1696 644/755/1697 640/751/1698
f 633/756/1699 641/746/1700 642/749/1701 634/757/1702
f 653/758/1703 647/759/1704 648/760/1705 654/761/1706
f 647/759/1707 651/762/1708 652/763/1709 648/760/1710
f 655/764/1711 649/765/1712 650/766/1713 656/767/1714
f 651/762/1715 655/764/1716 656/767/1717 652/763/1718
f 645/768/1719 653/758/1720 654/761/1721 646/769/1722
f 665/770/1723 659/771/1724 660/772/1725 666/773/1726
f 659/771/1727 663/774/1728 664/775/1729 660/772/1730
f 667/776/1731 661/777/1732 662/778/1733 668/779/1734
f 663/774/1735 667/776/1736 668/779/1737 664/775/1738
f 657/780/1739 665/770/1740 666/773/1741 658/781/1742
f 677/782/1743 671/783/1744 672/784/1745 678/785/1746
f 671/783/1747 675/786/1748 676/787/1749 672/784/1750
f 679/788/1751 673/789/1752 674/790/1753 680/791/1754
f 675/786/1755 679/788/1756 680/791/1757 676/787/1758
f 669/792/1759 677/782/1760 678/785/1761 670/793/1762
f 689/794/1763 683/795/1764 684/796/1765 690/797/1766
f 683/795/1767 687/798/1768 688/799/1769 684/796/1770
f 691/800/1771 685/801/1772 686/802/1773 692/803/1774
f 687/798/1775 691/800/1776 692/803/1777 688/799/1778
f 681/804/1779 689/794/1780 690/797/1781 682/805/1782
f 701/806/1783 695/807/1784 696/808/1785 702/809/1786
f 695/807/1787 699/810/1788 700/811/1789 696/808/1790
f 703/812/1791 697/813/1792 698/814/1793 704/815/1794
f 699/810/1795 703/812/1796 704/815/1797 700/811/1798
f 693/816/1799 701/806/1800 702/809/1801 694/817/1802
f 713/818/1803 707/819/1804 708/820/1805 714/821/1806
f 707/819/1807 711/822/1808 712/823/1809 708/820/1810
f 715/824/1811 709/825/1812 710/826/1813 716/827/1814
f 711/822/1815 715/824/1816 716/827/1817 712/823/1818
f 705/828/1819 713/818/1820 714/821/1821 706/829/1822
f 725/830/1823 719/831/1824 720/832/1825 726/833/1826
f 719/831/1827 723/834/1828 724/835/1829 720/832/1830
f 727/836/1831 721/837/1832 722/838/1833 728/839/1834
f 723/834/1835 727/836/1836 728/839/1837 724/835/1838
f 717/840/1839 725/830/1840 726/833/1841 718/841/1842
f 737/842/1843 731/843/1844 732/844/1845 738/845/1846
f 731/843/1847 735/846/1848 736/847/1849 732/844/1850
f 739/848/1851 733/849/1852 734/850/1853 740/851/1854
f 735/846/1855 739/848/1856 740/851/1857 736/847/1858
f 729/852/1859 737/842/1860 738/845/1861 730/853/1862
f 749/854/1863 743/855/1864 744/856/1865 750/857/1866
f 743/855/1867 747/858/1868 748/859/1869 744/856/1870
f 751/860/1871 745/861/1872 746/862/1873 752/863/1874
f 747/858/1875 751/860/1876 752/863/1877 748/859/1878
f 741/864/1879 749/854/1880 750/857/1881 742/865/1882
f 761/866/1883 755/867/1884 756/868/1885 762/869/1886
f 755/867/1887 759/870/1888 760/871/1889 756/868/1890
f 763/872/1891 757/873/1892 758/874/1893 764/875/1894
f 759/870/1895 763/872/1896 764/875/1897 760/871/1898
f 753/876/1899 761/866/1900 762/869/1901 754/877/1902
usemtl UDIM1SG
f 765/878/1903 766/879/1904 768/880/1905 767/881/1906
f 767/882/1907 768/880/1908 772/883/1909 771/884/1910
f 771/885/1911 772/883/1912 770/886/1913 769/887/1914
f 769/888/1915 770/886/1916 766/879/1917 765/889/1918
f 772/883/1919 768/880/1920 766/879/1921 770/886/1922
f 773/890/1923 774/891/1924 776/892/1925 775/893/1926
f 775/894/1927 776/892/1928 780/895/1929 779/896/1930
f 779/897/1931 780/895/1932 778/898/1933 777/899/1934
f 777/900/1935 778/898/1936 774/891/1937 773/901/1938
f 780/895/1939 776/892/1940 774/891/1941 778/898/1942
f 781/902/1943 782/903/1944 784/904/1945 783/905/1946
f 783/906/1947 784/904/1948 788/907/1949 787/908/1950
f 787/909/1951 788/907/1952 786/910/1953 785/911/1954
f 785/912/1955 786/910/1956 782/903/1957 781/913/1958
f 788/907/1959 784/904/1960 782/903/1961 786/910/1962
f 789/914/1963 790/915/1964 792/916/1965 791/917/1966
f 791/918/1967 792/916/1968 796/919/1969 795/920/1970
f 795/921/1971 796/919/1972 794/922/1973 793/923/1974
f 793/924/1975 794/922/1976 790/915/1977 789/925/1978
f 796/919/1979 792/916/1980 790/915/1981 794/922/1982
f 797/926/1983 798/927/1984 800/928/1985 799/929/1986
f 799/930/1987 800/928/1988 804/931/1989 803/932/1990
f 803/933/1991 804/931/1992 802/934/1993 801/935/1994
f 801/936/1995 802/934/1996 798/927/1997 797/937/1998
f 804/931/1999 800/928/2000 798/927/2001 802/934/2002
f 805/938/2003 806/939/2004 808/940/2005 807/941/2006
f 807/942/2007 808/940/2008 812/943/2009 811/944/2010
f 811/945/2011 812/943/2012 810/946/2013 809/947/2014
f 809/948/2015 810/946/2016 806/939/2017 805/949/2018
f 812/943/2019 808/940/2020 806/939/2021 810/946/2022
f 813/950/2023 814/951/2024 816/952/2025 815/953/2026
f 815/954/2027 816/952/2028 820/955/2029 819/956/2030
f 819/957/2031 820/955/2032 818/958/2033 817/959/2034
f 817/960/2035 818/958/2036 814/951/2037 813/961/2038
f 820/955/2039 816/952/2040 814/951/2041 818/958/2042
f 821/962/2043 822/963/2044 824/964/2045 823/965/2046
f 823/966/2047 824/964/2048 828/967/2049 827/968/2050
f 827/969/2051 828/967/2052 826/970/2053 825/971/2054
f 825/972/2055 826/970/2056 822/963/2057 821/973/2058
f 828/967/2059 824/964/2060 822/963/2061 826/970/2062
f 829/974/2063 830/975/2064 832/976/2065 831/977/2066
f 831/978/2067 832/976/2068 836/979/2069 835/980/2070
f 835/981/2071 836/979/2072 834/982/2073 833/983/2074
f 833/984/2075 834/982/2076 830/975/2077 829/985/2078
f 836/979/2079 832/976/2080 830/975/2081 834/982/2082
f 837/986/2083 838/987/2084 840/988/2085 839/989/2086
f 839/990/2087 840/988/2088 844/991/2089 843/992/2090
f 843/993/2091 844/991/2092 842/994/2093 841/995/2094
f 841/996/2095 842/994/2096 838/987/2097 837/997/2098
f 844/991/2099 840/988/2100 838/987/2101 842/994/2102
f 845/998/2103 847/999/2104 848/1000/2105 846/1001/2106
f 847/1002/2107 851/1003/2108 852/1004/2109 848/1000/2110
f 851/1005/2111 849/1006/2112 850/1007/2113 852/1004/2114
f 849/1008/2115 845/1009/2116 846/1001/2117 850/1007/2118
f 852/1004/2119 850/1007/2120 846/1001/2121 848/1000/2122
f 853/1010/2123 855/1011/2124 856/1012/2125 854/1013/2126
f 855/1014/2127 859/1015/2128 860/1016/2129 856/1012/2130
f 859/1017/2131 857/1018/2132 858/1019/2133 860/1016/2134
f 857/1020/2135 853/1021/2136 854/1013/2137 858/1019/2138
f 860/1016/2139 858/1019/2140 854/1013/2141 856/1012/2142
f 861/1022/2143 863/1023/2144 864/1024/2145 862/1025/2146
f 863/1026/2147 867/1027/2148 868/1028/2149 864/1024/2150
f 867/1029/2151 865/1030/2152 866/1031/2153 868/1028/2154
f 865/1032/2155 861/1033/2156 862/1025/2157 866/1031/2158
f 868/1028/2159 866/1031/2160 862/1025/2161 864/1024/2162
f 869/1034/2163 871/1035/2164 872/1036/2165 870/1037/2166
f 871/1038/2167 875/1039/2168 876/1040/2169 872/1036/2170
f 875/1041/2171 873/1042/2172 874/1043/2173 876/1040/2174
f 873/1044/2175 869/1045/2176 870/1037/2177 874/1043/2178
f 876/1040/2179 874/1043/2180 870/1037/2181 872/1036/2182
f 877/1046/2183 879/1047/2184 880/1048/2185 878/1049/2186
f 879/1050/2187 883/1051/2188 884/1052/2189 880/1048/2190
f 883/1053/2191 881/1054/2192 882/1055/2193 884/1052/2194
f 881/1056/2195 877/1057/2196 878/1049/2197 882/1055/2198
f 884/1052/2199 882/1055/2200 878/1049/2201 880/1048/2202
f 885/1058/2203 887/1059/2204 888/1060/2205 886/1061/2206
f 887/1062/2207 891/1063/2208 892/1064/2209 888/1060/2210
f 891/1065/2211 889/1066/2212 890/1067/2213 892/1064/2214
f 889/1068/2215 885/1069/2216 886/1061/2217 890/1067/2218
f 892/1064/2219 890/1067/2220 886/1061/2221 888/1060/2222
f 893/1070/2223 895/1071/2224 896/1072/2225 894/1073/2226
f 895/1074/2227 899/1075/2228 900/1076/2229 896/1072/2230
f 899/1077/2231 897/1078/2232 898/1079/2233 900/1076/2234
f 897/1080/2235 893/1081/2236 894/1073/2237 898/1079/2238
f 900/1076/2239 898/1079/2240 894/1073/2241 896/1072/2242
f 901/1082/2243 903/1083/2244 904/1084/2245 902/1085/2246
f 903/1086/2247 907/1087/2248 908/1088/2249 904/1084/2250
f 907/1089/2251 905/1090/2252 906/1091/2253 908/1088/2254
f 905/1092/2255 901/1093/2256 902/1085/2257 906/1091/2258
f 908/1088/2259 906/1091/2260 902/1085/2261 904/1084/2262
f 909/1094/2263 911/1095/2264 912/1096/2265 910/1097/2266
f 911/1098/2267 915/1099/2268 916/1100/2269 912/1096/2270
f 915/1101/2271 913/1102/2272 914/1103/2273 916/1100/2274
f 913/1104/2275 909/1105/2276 910/1097/2277 914/1103/2278
f 916/1100/2279 914/1103/2280 910/1097/2281 912/1096/2282
f 917/1106/2283 919/1107/2284 920/1108/2285 918/1109/2286
f 919/1110/2287 923/1111/2288 924/1112/2289 920/1108/2290
f 923/1113/2291 921/1114/2292 922/1115/2293 924/1112/2294
f 921/1116/2295 917/1117/2296 918/1109/2297 922/1115/2298
f 924/1112/2299 922/1115/2300 918/1109/2301 920/1108/2302
f 925/1118/2303 926/1119/2304 928/1120/2305 927/1121/2306
f 927/1122/2307 928/1120/2308 932/1123/2309 931/1124/2310
f 931/1125/2311 932/1123/2312 930/1126/2313 929/1127/2314
f 929/1128/2315 930/1126/2316 926/1119/2317 925/1129/2318
f 932/1123/2319 928/1120/2320 926/1119/2321 930/1126/2322
f 933/1130/2323 934/1131/2324 936/1132/2325 935/1133/2326
f 935/1134/2327 936/1132/2328 940/1135/2329 939/1136/2330
f 939/1137/2331 940/1135/2332 938/1138/2333 937/1139/2334
f 937/1140/2335 938/1138/2336 934/1131/2337 933/1141/2338
f 940/1135/2339 936/1132/2340 934/1131/2341 938/1138/2342
f 941/1142/2343 942/1143/2344 944/1144/2345 943/1145/2346
f 943/1146/2347 944/1144/2348 948/1147/2349 947/1148/2350
f 947/1149/2351 948/1147/2352 946/1150/2353 945/1151/2354
f 945/1152/2355 946/1150/2356 942/1143/2357 941/1153/2358
f 948/1147/2359 944/1144/2360 942/1143/2361 946/1150/2362
f 949/1154/2363 950/1155/2364 952/1156/2365 951/1157/2366
f 951/1158/2367 952/1156/2368 956/1159/2369 955/1160/2370
f 955/1161/2371 956/1159/2372 954/1162/2373 953/1163/2374
f 953/1164/2375 954/1162/2376 950/1155/2377 949/1165/2378
f 956/1159/2379 952/1156/2380 950/1155/2381 954/1162/2382
f 957/1166/2383 958/1167/2384 960/1168/2385 959/1169/2386
f 959/1170/2387 960/1168/2388 964/1171/2389 963/1172/2390
f 963/1173/2391 964/1171/2392 962/1174/2393 961/1175/2394
f 961/1176/2395 962/1174/2396 958/1167/2397 957/1177/2398
f 964/1171/2399 960/1168/2400 958/1167/2401 962/1174/2402
f 965/1178/2403 966/1179/2404 968/1180/2405 967/1181/2406
f 967/1182/2407 968/1180/2408 972/1183/2409 971/1184/2410
f 971/1185/2411 972/1183/2412 970/1186/2413 969/1187/2414
f 969/1188/2415 970/1186/2416 966/1179/2417 965/1189/2418
f 972/1183/2419 968/1180/2420 966/1179/2421 970/1186/2422
f 973/1190/2423 974/1191/2424 976/1192/2425 975/1193/2426
f 975/1194/2427 976/1192/2428 980/1195/2429 979/1196/2430
f 979/1197/2431 980/1195/2432 978/1198/2433 977/1199/2434
f 977/1200/2435 978/1198/2436 974/1191/2437 973/1201/2438
f 980/1195/2439 976/1192/2440 974/1191/2441 978/1198/2442
f 981/1202/2443 982/1203/2444 984/1204/2445 983/1205/2446
f 983/1206/2447 984/1204/2448 988/1207/2449 987/1208/2450
f 987/1209/2451 988/1207/2452 986/1210/2453 985/1211/2454
f 985/1212/2455 986/1210/2456 982/1203/2457 981/1213/2458
f 988/1207/2459 984/1204/2460 982/1203/2461 986/1210/2462
f 989/1214/2463 990/1215/2464 992/1216/2465 991/1217/2466
f 991/1218/2467 992/1216/2468 996/1219/2469 995/1220/2470
f 995/1221/2471 996/1219/2472 994/1222/2473 993/1223/2474
f 993/1224/2475 994/1222/2476 990/1215/2477 989/1225/2478
f 996/1219/2479 992/1216/2480 990/1215/2481 994/1222/2482
f 997/1226/2483 998/1227/2484 1000/1228/2485 999/1229/2486
f 999/1230/2487 1000/1228/2488 1004/1231/2489 1003/1232/2490
f 1003/1233/2491 1004/1231/2492 1002/1234/2493 1001/1235/2494
f 1001/1236/2495 1002/1234/2496 998/1227/2497 997/1237/2498
f 1004/1231/2499 1000/1228/2500 998/1227/2501 1002/1234/2502
f 1005/1238/2503 1007/1239/2504 1008/1240/2505 1006/1241/2506
f 1007/1242/2507 1011/1243/2508 1012/1244/2509 1008/1240/2510
f 1011/1245/2511 1009/1246/2512 1010/1247/2513 1012/1244/2514
f 1009/1248/2515 1005/1249/2516 1006/1241/2517 1010/1247/2518
f 1012/1244/2519 1010/1247/2520 1006/1241/2521 1008/1240/2522
f 1013/1250/2523 1015/1251/2524 1016/1252/2525 1014/1253/2526
f 1015/1254/2527 1019/1255/2528 1020/1256/2529 1016/1252/2530
f 1019/1257/2531 1017/1258/2532 1018/1259/2533 1020/1256/2534
f 1017/1260/2535 1013/1261/2536 1014/1253/2537 1018/1259/2538
f 1020/1256/2539 1018/1259/2540 1014/1253/2541 1016/1252/2542
f 1021/1262/2543 1023/1263/2544 1024/1264/2545 1022/1265/2546
f 1023/1266/2547 1027/1267/2548 1028/1268/2549 1024/1264/2550
f 1027/1269/2551 1025/1270/2552 1026/1271/2553 1028/1268/2554
f 1025/1272/2555 1021/1273/2556 1022/1265/2557 1026/1271/2558
f 1028/1268/2559 1026/1271/2560 1022/1265/2561 1024/1264/2562
f 1029/1274/2563 1031/1275/2564 1032/1276/2565 1030/1277/2566
f 1031/1278/2567 1035/1279/2568 1036/1280/2569 1032/1276/2570
f 1035/1281/2571 1033/1282/2572 1034/1283/2573 1036/1280/2574
f 1033/1284/2575 1029/1285/2576 1030/1277/2577 1034/1283/2578
f 1036/1280/2579 1034/1283/2580 1030/1277/2581 1032/1276/2582
f 1037/1286/2583 1039/1287/2584 1040/1288/2585 1038/1289/2586
f 1039/1290/2587 1043/1291/2588 1044/1292/2589 1040/1288/2590
f 1043/1293/2591 1041/1294/2592 1042/1295/2593 1044/1292/2594
f 1041/1296/2595 1037/1297/2596 1038/1289/2597 1042/1295/2598
f 1044/1292/2599 1042/1295/2600 1038/1289/2601 1040/1288/2602
f 1045/1298/2603 1047/1299/2604 1048/1300/2605 1046/1301/2606
f 1047/1302/2607 1051/1303/2608 1052/1304/2609 1048/1300/2610
f 1051/1305/2611 1049/1306/2612 1050/1307/2613 1052/1304/2614
f 1049/1308/2615 1045/1309/2616 1046/1301/2617 1050/1307/2618
f 1052/1304/2619 1050/1307/2620 1046/1301/2621 1048/1300/2622
f 1053/1310/2623 1055/1311/2624 1056/1312/2625 1054/1313/2626
f 1055/1314/2627 1059/1315/2628 1060/1316/2629 1056/1312/2630
f 1059/1317/2631 1057/1318/2632 1058/1319/2633 1060/1316/2634
f 1057/1320/2635 1053/1321/2636 1054/1313/2637 1058/1319/2638
f 1060/1316/2639 1058/1319/2640 1054/1313/2641 1056/1312/2642
f 1061/1322/2643 1063/1323/2644 1064/1324/2645 1062/1325/2646
f 1063/1326/2647 1067/1327/2648 1068/1328/2649 1064/1324/2650
f 1067/1329/2651 1065/1330/2652 1066/1331/2653 1068/1328/2654
f 1065/1332/2655 1061/1333/2656 1062/1325/2657 1066/1331/2658
f 1068/1328/2659 1066/1331/2660 1062/1325/2661 1064/1324/2662
f 1069/1334/2663 1071/1335/2664 1072/1336/2665 1070/1337/2666
f 1071/1338/2667 1075/1339/2668 1076/1340/2669 1072/1336/2670
f 1075/1341/2671 1073/1342/2672 1074/1343/2673 1076/1340/2674
f 1073/1344/2675 1069/1345/2676 1070/1337/2677 1074/1343/2678
f 1076/1340/2679 1074/1343/2680 1070/1337/2681 1072/1336/2682
f 1077/1346/2683 1079/1347/2684 1080/1348/2685 1078/1349/2686
f 1079/1350/2687 1083/1351/2688 1084/1352/2689 1080/1348/2690
f 1083/1353/2691 1081/1354/2692 1082/1355/2693 1084/1352/2694
f 1081/1356/2695 1077/1357/2696 1078/1349/2697 1082/1355/2698
f 1084/1352/2699 1082/1355/2700 1078/1349/2701 1080/1348/2702
f 1085/1358/2703 1089/1359/2704 1096/1360/2705
f 1091/1361/2706 1087/1362/2707 1099/1363/2708
f 1096/1360/2709 1100/1364/2710 1122/1365/2711 1093/1366/2712 1097/1367/2713
f 1100/1364/2714 1099/1363/2715 1123/1368/2716 1122/1365/2717
f 1093/1369/2718 1094/1370/2719 1098/1371/2720 1097/1372/2721
f 1090/1373/2722 1092/1374/2723 1100/1364/2724
f 1088/1375/2725 1086/1376/2726 1095/1377/2727
f 1092/1374/2728 1091/1361/2729 1099/1363/2730 1100/1364/2731
f 1089/1359/2732 1090/1373/2733 1100/1364/2734 1096/1360/2735
f 1086/1376/2736 1085/1378/2737 1096/1379/2738 1095/1377/2739
f 1099/1363/2740 1095/1377/2741 1098/1371/2742 1094/1370/2743 1123/1368/2744
f 1095/1377/2745 1096/1379/2746 1097/1380/2747 1098/1371/2748
f 1087/1362/2749 1088/1375/2750 1095/1377/2751 1099/1363/2752
f 1092/1374/2753 1090/1373/2754 1106/1381/2755 1108/1382/2756
f 1090/1373/2757 1089/1359/2758 1105/1383/2759 1106/1381/2760
f 1091/1361/2761 1092/1374/2762 1108/1382/2763 1107/1384/2764
f 1085/1378/2765 1086/1376/2766 1102/1385/2767 1101/1386/2768
f 1087/1362/2769 1091/1361/2770 1107/1384/2771 1103/1387/2772
f 1088/1375/2773 1087/1362/2774 1103/1387/2775 1104/1388/2776
f 1089/1359/2777 1085/1358/2778 1101/1389/2779 1105/1383/2780
f 1086/1376/2781 1088/1375/2782 1104/1388/2783 1102/1385/2784
usemtl UDIM2SG
f 121/204/2785 149/202/2786 135/206/2787
f 217/341/2788 230/342/2789 242/339/2790
f 1115/184/2791 1114/183/2792 1121/1390/2793 1117/1391/2794
f 1110/200/2795 144/203/2796 143/199/2797
f 1111/207/2798 149/202/2799 150/201/2800
f 139/82/2801 136/81/2802 1117/1392/2803 143/192/2804
f 149/202/2805 1110/200/2806 147/198/2807
f 1113/338/2808 242/339/2809 241/336/2810
f 1113/338/2811 238/337/2812 239/340/2813
f 242/339/2814 1111/207/2815 150/201/2816
f 1109/194/2817 1116/325/2818 1120/1393/2819 1118/1394/2820
f 1114/183/2821 1109/194/2822 1118/1394/2823 1121/1390/2824
f 1116/325/2825 1112/324/2826 1119/1395/2827 1120/1393/2828
f 189/320/2829 231/236/2830 1112/323/2831
f 1121/1390/2832 1118/1394/2833 146/196/2834 145/195/2835
f 1117/1392/2836 136/81/2837 1115/182/2838
f 1120/1393/2839 1119/1395/2840 238/337/2841 240/335/2842
f 1117/1391/2843 1121/1390/2844 145/195/2845 143/199/2846
f 1119/322/2847 231/236/2848 234/235/2849 238/334/2850
f 1118/1394/2851 1120/1393/2852 240/335/2853 146/196/2854
f 179/256/2855 83/107/2856 184/253/2857
f 70/109/2858 77/106/2859 83/107/2860
usemtl UDIM1SG
f 1122/1365/2861 1123/1368/2862 1094/1370/2863 1093/1366/2864
